"",Location,Patron Type,Item Type,Age Range,Rule Number,Active,Editable By
1,?????,9999,9999,,1,Y,ALL
2,?????,220,9999,,1,Y,ALL
3,?????,"45,46,211,230",9999,,1,Y,ALL
4,b*,11,9999,,14,Y,ALL
5,b*,9,9999,,13,Y,ALL
6,"b*   ",9,9,,203,Y,ALL
7,?????,7,"0-2,4-5,7-9,10,11,13,19",,12,N,ALL
8,?????,48,"0-2,4-5,7-9,10,11,13,19",,27,Y,ALL
9,?????,"92-93,102","0-2,4-5,7-9,10,11,13,19",,127,Y,ADMIN
10,?????,"112,114","0-2,4-5,7-9,10,11,13,19",,155,Y,ADMIN
11,?????,126,"0-2,4-5,7-9,10,11,13,19",,172,Y,ADMIN
12,"b*   ",12,"0,1,10,11,19",,77,Y,ALL
13,"b*   ","8,70","0,1,10,11,13,14,19",,78,Y,ALL
14,"b*   ",12,"8,9",,5,Y,ALL
15,"b*   ","8,70","8,9",,64,Y,ADMIN
16,"b*   ","4,7","0,1,10,11,14,19",,8,Y,ALL
17,"b*   ","4,7,8,12,13",3,,19,Y,ALL
18,"b*   ","4,7","8,9",,18,Y,ALL
19,"b*   ","4,7,8,12",24,,6,Y,ADMIN
20,"bn*  ","4,7,8,12","8,9",,117,Y,ALL
21,"bn*  ","4,7,8,12","0,1,10,11,14,19",,116,Y,ALL
22,bc*,9999,9999,,1,Y,ALL
23,bebca,"1-3,5,10,13,17-21",9999,,6,Y,ALL
24,bebca,"34-43,45-46,67-69,70-77,80-82,84-87,92-93,95-100,105-106,108-112,114-119,125-129,131-133,135-137",9999,,66,Y,ALL
25,bgbca,"1-3,5,10,13,17-21",9999,,6,Y,ALL
26,bgbca,"34-43,45-46,67-69,71-77,80-82,84-87,92-93,95-100,105-106,108-112,114-119,125-129,131-133,135-137",9999,,66,Y,ALL
27,bmbca,"1-3,5,10,13,17-21",9999,,6,Y,ALL
28,bmbca,"34-43,45-46,67-69,71-77,80-82,84-87,92-93,95-100,105-106,108-112,114-119,125-129,131-133,135-137",9999,,66,Y,ALL
29,bebcj,"1-5,10,13,17-21",9999,,7,Y,ALL
30,bebcj,"34-43,45-46,67-69,71-77,80-82,84-87,92-93,95-100,105-106,108-112,114-119,125-129,131-133,135-137",9999,,67,Y,ALL
31,bgbcj,"1-5,10,13,17-21",9999,,7,Y,ALL
32,bgbcj,"34-43,45-46,67-69,71-77,80-82,84-87,92-93,95-100,105-106,108-112,114-119,125-129,131-133,135-137",9999,,67,Y,ALL
33,bmbcj,"1-5,10,13,17-21",9999,,7,Y,ALL
34,bmbcj,"34-43,45-46,67-69,70-77,80-82,84-87,92-93,95-100,105-106,108-112,114-119,125-129,131-133,135-137",9999,,67,Y,ALL
35,bebfa,"1-3,5,10,13,17-21",9999,,6,Y,ALL
36,bebfa,"34-43,45-46,67-69,70-77,80-82,84-87,92-93,95-100,105-106,108-112,114-119,125-129,131-133,135-137",9999,,66,Y,ALL
37,bebs*,"1-3,5,10,13,17-21",9999,,6,Y,ALL
38,bebs*,"34-43,45-46,67-69,70-77,80-82,84-87,92-93,95-100,105-106,108-112,114-119,125-129,131-133,135-137",9999,,66,Y,ALL
39,"bne* ","1-3,5,10,13,17-21","0-1,10-11,19",,108,Y,ADMIN
40,"bne* ","1-10,12-13,17-20,34-43,45-46,67-77,80-87,92-93,95-100,125-129,131-133,135-137","0-1,10-11,13,19",,109,Y,ADMIN
41,"bne* ","1-3,5,10,13,17-21","8,9",,112,Y,ADMIN
42,"bne* ","34-43,45-46,67-69,70-77,80-82,84-87,92-93,95-100,105-106,108-112,114-119,125-129,131-133,135-137","8,9",,113,Y,ADMIN
43,"bne* ","1-3,5-6,9-10,13,17-21,34-43,45-46,67-69,71-77,80-82,84-87,95-100,105-106,108-112,114-119,125-129,131-133,135-137",3,,3,Y,ADMIN
44,"bme* ","1-3,5,10,13,17-21","0-1,10-11,19",,6,Y,ADMIN
45,"bme* ","1-3,5,10,13,17-21,34-43,45-46,67-69,71-77,80-82,84-87,92-93,95-100,105-106,108-112,114-119,125-129,131-133,135-137","0-1,10-11,13,19",,66,Y,ADMIN
46,"bme* ","1-3,5,10,13,17-21","8,9",,2,Y,ADMIN
47,"bme* ","34-43,45-46,67-69,70-77,80-82,84-87,92-93,95-100,105-106,108-112,114-119,125-129,131-133,135-137","8,9",,65,Y,ADMIN
48,"bme* ","1-3,5,10,13,17-21,34-43,45-46,67-69,71-77,80-82,84-87,92-93,95-100,105-106,108-112,114-119,125-129,131-133,135-137",3,,3,Y,ADMIN
49,beeqp,"1-3,5,10,13,17-21,34-43,45-46,67-69,71-77,80-82,84-87,92-93,95-100,105-106,108-112,114-119,125-129,131-133,135-137","0-1,10-11,13,19",,66,Y,ADMIN
50,bgeqp,"1-3,5,10,13,17-21,34-43,45-46,67-69,71-77,80-82,84-86,92-93,95-100,105-106,108-112,114-119,125-129,131-133,135-137","0-1,10-11,13,19",,66,Y,ADMIN
51,bneqp,"1-3,5,10,13,17-21,34-43,45-46,67-69,71-77,80-82,84-86,92-93,95-100,105-106,108-112,114-119,125-129,131-133,135-137","0-1,10-11,13,19",,66,Y,ADMIN
52,befga,"1-3,5,10,13,17-21",9999,,6,Y,ALL
53,befga,"34-43,45-46,67-69,70-77,80-82,84-86,92-93,95-100,105-106,108-112,114-119,125-129,131-133,135-137",9999,,66,Y,ALL
54,bgfga,"1-3,5,10,13,17-21",9999,,6,Y,ALL
55,bgfga,"34-43,45-46,67-69,70-77,80-82,84-86,92-93,95-100,105-106,108-112,114-119,125-129,131-133,135-137",9999,,66,Y,ALL
56,bmfga,"1-3,5,10,13,17-21",9999,,6,Y,ALL
57,bmfga,"34-43,45-46,67-69,70-77,80-82,84-86,92-93,95-100,105-106,108-112,114-119,125-129,131-133,135-137",9999,,66,Y,ALL
58,bnfca,"1-3,5-6,9-10,13,17-21",9999,,108,Y,ALL
59,bnfca,"34-43,45-46,67-69,70-77,80-82,84-86,92-93,95-100,105-106,108-112,114-119,125-129,131-133,135-137",9999,,109,Y,ALL
60,befca,"1-3,5,10,13,17-21",9999,,6,Y,ALL
61,befca,"34-43,45-46,67-69,70-77,80-82,84-86,92-93,95-100,105-106,108-112,114-119,125-129,131-133,135-137",9999,,66,Y,ALL
62,bgfca,"1-3,5,10,13,17-21",9999,,6,Y,ALL
63,bgfca,"34-43,45-46,67-69,70-77,80-82,84-86,92-93,95-100,105-106,108-112,114-119,125-129,131-133,135-137",9999,,66,Y,ALL
64,bmfca,"1-3,5,10,13,17-21",9999,,6,Y,ALL
65,bmfca,"34-43,45-46,67-69,70-77,80-82,84-86,92-93,95-100,105-106,108-112,114-119,125-129,131-133,135-137",9999,,66,Y,ALL
66,bmfcx,"1-3,5,10,13,17-21",9999,,6,Y,ALL
67,bmfcx,"34-43,45-46,67-69,70-77,80-82,84-86,92-93,95-100,105-106,108-112,114-119,125-129,131-133,135-137",9999,,66,Y,ALL
68,bnfcj,"1-3,5,10,13,17-21",9999,,110,Y,ALL
69,bnfcj,"34-43,45-46,67-69,70-77,80-82,84-86,92-93,95-100,105-106,108-112,114-119,125-129,131-133,135-137",9999,,111,Y,ALL
70,befcj,"1-5,10,13,17-21",9999,,7,Y,ALL
71,befcj,"34-43,45-46,67-69,70-77,80-82,84-86,92-93,95-100,105-106,108-112,114-119,125-129,131-133,135-137",9999,,67,Y,ALL
72,bgfcj,"1-5,10,13,17-21",9999,,7,Y,ALL
73,bgfcj,"34-43,45-46,67-69,70-77,80-82,84-86,92-93,95-100,105-106,108-112,114-119,125-129,131-133,135-137",9999,,67,Y,ALL
74,bmfcj,"1-5,10,13,17-21",9999,,7,Y,ALL
75,bmfcj,"34-43,45-46,67-69,70-77,80-82,84-86,92-93,95-100,105-106,108-112,114-119,125-129,131-133,135-137",9999,,67,Y,ALL
76,bmfxj,"1-5,10,13,17-21",9999,,7,Y,ALL
77,bmfxj,"34-43,45-46,67-69,70-77,80-82,84-86,92-93,95-100,105-106,108-112,114-119,125-129,131-133,135-137",9999,,67,Y,ALL
78,bndwj,"1-5,10,13,17-21",9999,,7,Y,ADMIN
79,bndwj,"34-43,45-46,67-69,70-77,80-82,84-86,92-93,95-100,105-106,108-112,114-119,125-129,131-133,135-137",9999,,67,Y,ADMIN
80,bmdwj,"1-5,10,13,17-21",9999,,7,Y,ALL
81,bmdwj,"34-43,45-46,67-69,70-77,80-82,84-86,92-93,95-100,105-106,108-112,114-119,125-129,131-133,135-137",9999,,67,Y,ALL
82,bedwj,"1-5,10,13,17-21",9999,,7,Y,ALL
83,bedwj,"34-43,45-46,67-69,70-77,80-82,84-86,92-93,95-100,105-106,108-112,114-119,125-129,131-133,135-137",9999,,67,Y,ALL
84,bgdwj,"1-5,10,13,17-21",9999,,7,Y,ALL
85,bgdwj,"34-43,45-46,67-69,70-77,80-82,84-86,92-93,95-100,105-106,108-112,114-119,125-129,131-133,135-137",9999,,67,Y,ALL
86,bnfcy,"1-3,5-6,9-10,13,17-21",9999,,108,Y,ALL
87,bnfcy,"34-43,45-46,67-69,70-77,80-82,84-86,92-93,95-100,105-106,108-112,114-119,125-129,131-133,135-137",9999,,109,Y,ALL
88,befcy,"1-3,5,10,13,17-21",9999,,6,Y,ALL
89,befcy,"34-43,45-46,67-69,70-77,80-82,84-86,92-93,95-100,105-106,108-112,114-119,125-129,131-133,135-137",9999,,66,Y,ALL
90,bgfcy,"1-3,5,10,13,17-21",9999,,6,Y,ALL
91,bgfcy,"34-43,45-46,67-69,70-77,80-82,84-86,92-93,95-100,105-106,108-112,114-119,125-129,131-133,135-137",9999,,66,Y,ALL
92,bmfcy,"1-3,5,10,13,17-21",9999,,6,Y,ALL
93,bmfcy,"34-43,45-46,67-69,70-77,80-82,84-86,92-93,95-100,105-106,108-112,114-119,125-129,131-133,135-137",9999,,66,Y,ALL
94,"bnej ","1-3,5-6,9-10,13,17-21","0-1,10-11,19",,110,Y,ADMIN
95,"bnej ","34-43,45-46,67-69,70-77,80-82,84-86,92-93,95-100,105-106,108-112,114-119,125-129,131-133,135-137","0-1,10-11,19",,111,Y,ADMIN
96,"bnej ","1-3,5-6,9-10,13,17-21,34-43,45-46,67-69,71-77,80-82,84-86,95-100,105-106,108-112,114-119,125-129,131-133,135-137","3,8",,4,Y,ADMIN
97,"bnej ","1-3,5-6,9-10,13,17-21",9,,112,Y,ADMIN
98,"bnej ","34-43,45-46,67-69,70-77,80-82,84-86,92-93,95-100,105-106,108-112,114-119,125-129,131-133,135-137",9,,113,Y,ADMIN
99,"bmej ","1-5,10,13,17-21","0-1,10-11,19",,7,Y,ADMIN
100,"bmej ","34-43,45-46,67-69,70-77,80-82,84-86,92-93,95-100,105-106,108-112,114-119,125-129,131-133,135-137","0-1,10-11,19",,67,Y,ADMIN
101,"bmej ","1-3,5,10,13,17-21,34-43,45-46,67-69,71-77,80-82,84-86,92-93,95-100,105-106,108-112,114-119,125-129,131-133,135-137","3,8",,4,Y,ADMIN
102,"bmej ","1-3,5,10,13,17-21",9,,2,Y,ADMIN
103,"bmej ","34-43,45-46,67-69,70-77,80-82,84-86,92-93,95-100,105-106,108-112,114-119,125-129,131-133,135-137",9,,65,Y,ADMIN
104,bnfej,"1-3,5-6,9-10,13,17-21",9999,,110,Y,ALL
105,bnfej,"34-43,45-46,67-69,70-77,80-82,84-86,92-93,95-100,105-106,108-112,114-119,125-129,131-133,135-137",9999,,111,Y,ALL
106,befej,"1-5,10,13,17-21",9999,,7,Y,ALL
107,befej,"34-43,45-46,67-69,70-77,80-82,84-86,92-93,95-100,105-106,108-112,114-119,125-129,131-133,135-137",9999,,67,Y,ALL
108,bgfej,"1-5,10,13,17-21",9999,,7,Y,ALL
109,bgfej,"34-43,45-46,67-69,70-77,80-82,84-86,92-93,95-100,105-106,108-112,114-119,125-129,131-133,135-137",9999,,67,Y,ALL
110,bmfej,"1-5,10,13,17-21",9999,,7,Y,ALL
111,bmfej,"34-43,45-46,67-69,70-77,80-82,84-86,92-93,95-100,105-106,108-112,114-119,125-129,131-133,135-137",9999,,67,Y,ALL
112,beffa,"1-3,5,10,13,17-21",9999,,6,Y,ALL
113,beffa,"34-43,45-46,67-69,70-77,80-82,84-86,92-93,95-100,105-106,108-112,114-119,125-129,131-133,135-137",9999,,66,Y,ALL
114,bgffa,"1-3,5,10,13,17-21",9999,,6,Y,ALL
115,bgffa,"34-43,45-46,67-69,70-77,80-82,84-86,92-93,95-100,105-106,108-112,114-119,125-129,131-133,135-137",9999,,66,Y,ALL
116,bmffa,"1-3,5,10,13,17-21",9999,,6,Y,ALL
117,bmffa,"34-43,45-46,67-69,70-77,80-82,84-86,92-93,95-100,105-106,108-112,114-119,125-129,131-133,135-137",9999,,66,Y,ALL
118,befla,"1-3,5,10,13,17-21",9999,,6,Y,ALL
119,befla,"34-43,45-46,67-69,70-77,80-82,84-86,92-93,95-100,105-106,108-112,114-119,125-129,131-133,135-137",9999,,66,Y,ALL
120,bgfla,"1-3,5,10,13,17-21",9999,,6,Y,ALL
121,bgfla,"34-43,45-46,67-69,70-77,80-82,84-86,92-93,95-100,105-106,108-112,114-119,125-129,131-133,135-137",9999,,66,Y,ALL
122,bmfla,"1-3,5,10,13,17-21",9999,,6,Y,ALL
123,bmfla,"34-43,45-46,67-69,70-77,80-82,84-86,92-93,95-100,105-106,108-112,114-119,125-129,131-133,135-137",9999,,66,Y,ALL
124,befma,"1-3,5,10,13,17-21",9999,,6,Y,ALL
125,befma,"34-43,45-46,67-69,70-77,80-82,84-86,92-93,95-100,105-106,108-112,114-119,125-129,131-133,135-137",9999,,66,Y,ALL
126,bgfma,"1-3,5,10,13,17-21",9999,,6,Y,ALL
127,bgfma,"34-43,45-46,67-69,70-77,80-82,84-86,92-93,95-100,105-106,108-112,114-119,125-129,131-133,135-137",9999,,66,Y,ALL
128,bnfma,"1-3,5-6,9-10,13,17-21",9999,,108,Y,ALL
129,bnfma,"34-43,45-46,67-69,70-77,80-82,84-86,92-93,95-100,105-106,108-112,114-119,125-129,131-133,135-137",9999,,109,Y,ALL
130,bmfma,"1-3,5,10,13,17-21",9999,,6,Y,ALL
131,bmfma,"34-43,45-46,67-69,70-77,80-82,84-86,92-93,95-100,105-106,108-112,114-119,125-129,131-133,135-137",9999,,66,Y,ALL
132,bmfmx,"1-3,5,10,13,17-21",9999,,6,Y,ALL
133,bmfmx,"34-43,45-46,67-69,70-77,80-82,84-86,92-93,95-100,105-106,108-112,114-119,125-129,131-133,135-137",9999,,66,Y,ALL
134,bnfpj,"1-3,5-6,9-10,13,17-21",9999,,110,Y,ALL
135,bnfpj,"34-43,45-46,67-69,70-77,80-82,84-86,92-93,95-100,105-106,108-112,114-119,125-129,131-133,135-137",9999,,111,Y,ALL
136,befpj,"1-5,10,13,17-21",9999,,7,Y,ALL
137,befpj,"34-43,45-46,67-69,70-77,80-82,84-86,92-93,95-100,105-106,108-112,114-119,125-129,131-133,135-137",9999,,67,Y,ALL
138,bnfbj,"1-3,5-6,9-10,13,17-21",9999,,110,Y,ALL
139,bnfbj,"34-43,45-46,67-69,70-77,80-82,84-86,92-93,95-100,105-106,108-112,114-119,125-129,131-133,135-137",9999,,111,Y,ALL
140,befbj,"1-5,10,13,17-21",9999,,7,Y,ALL
141,befbj,"34-43,45-46,67-69,70-77,80-82,84-86,92-93,95-100,105-106,108-112,114-119,125-129,131-133,135-137",9999,,67,Y,ALL
142,bepxj,"1-5,10,13,17-21",9999,,7,Y,ALL
143,bepxj,"34-43,45-46,67-69,70-77,80-82,84-86,92-93,95-100,105-106,108-112,114-119,125-129,131-133,135-137",9999,,67,Y,ALL
144,bgfpj,"1-5,10,13,17-21",9999,,7,Y,ALL
145,bgfpj,"34-43,45-46,67-69,70-77,80-82,84-86,92-93,95-100,105-106,108-112,114-119,125-129,131-133,135-137",9999,,67,Y,ALL
146,bgpxj,"1-5,10,13,17-21",9999,,7,Y,ALL
147,bgpxj,"34-43,45-46,67-69,70-77,80-82,84-86,92-93,95-100,105-106,108-112,114-119,125-129,131-133,135-137",9999,,67,Y,ALL
148,bgfbj,"1-5,10,13,17-21",9999,,7,Y,ALL
149,bgfbj,"34-43,45-46,67-69,70-77,80-82,84-86,92-93,95-100,105-106,108-112,114-119,125-129,131-133,135-137",9999,,67,Y,ALL
150,bmfpj,"1-5,10,13,17-21",9999,,7,Y,ALL
151,bmfpj,"34-43,45-46,67-69,70-77,80-82,84-86,92-93,95-100,105-106,108-112,114-119,125-129,131-133,135-137",9999,,67,Y,ALL
152,bmfbj,"1-5,10,13,17-21",9999,,7,Y,ALL
153,bmfbj,"34-43,45-46,67-69,70-77,80-82,84-86,92-93,95-100,105-106,108-112,114-119,125-129,131-133,135-137",9999,,67,Y,ALL
154,bmpxj,"1-5,10,13,17-21",9999,,7,Y,ALL
155,bmpxj,"34-43,45-46,67-69,70-77,80-82,84-86,92-93,95-100,105-106,108-112,114-119,125-129,131-133,135-137",9999,,67,Y,ALL
156,befxj,"1-5,10,13,17-21",9999,,7,Y,ALL
157,befxj,"34-43,45-46,67-69,70-77,80-82,84-86,92-93,95-100,105-106,108-112,114-119,125-129,131-133,135-137",9999,,67,Y,ALL
158,bgfxj,"1-5,10,13,17-21",9999,,7,Y,ALL
159,bgfxj,"34-43,45-46,67-69,70-77,80-82,84-86,92-93,95-100,105-106,108-112,114-119,125-129,131-133,135-137",9999,,67,Y,ALL
160,bmfxj,"1-5,10,13,17-21",9999,,7,Y,ALL
161,bmfxj,"34-43,45-46,67-69,70-77,80-82,84-86,92-93,95-100,105-106,108-112,114-119,125-129,131-133,135-137",9999,,67,Y,ALL
162,befsa,"1-3,5,10,13,17-21",9999,,6,Y,ALL
163,befsa,"34-43,45-46,67-69,70-77,80-82,84-86,92-93,95-100,105-106,108-112,114-119,125-129,131-133,135-137",9999,,66,Y,ALL
164,bgfsa,"1-3,5,10,13,17-21",9999,,6,Y,ALL
165,bgfsa,"34-43,45-46,67-69,70-77,80-82,84-86,92-93,95-100,105-106,108-112,114-119,125-129,131-133,135-137",9999,,66,Y,ALL
166,bnfsa,"1-3,5-6,9-10,13,17-21",9999,,108,Y,ALL
167,bnfsa,"34-43,45-46,67-69,70-77,80-82,84-86,92-93,95-100,105-106,108-112,114-119,125-129,131-133,135-137",9999,,109,Y,ALL
168,bmfsa,"1-3,5,10,13,17-21",9999,,6,Y,ALL
169,bmfsa,"34-43,45-46,67-69,70-77,80-82,84-86,92-93,95-100,105-106,108-112,114-119,125-129,131-133,135-137",9999,,66,Y,ALL
170,bmfsx,"1-3,5,10,13,17-21",9999,,6,Y,ALL
171,bmfsx,"34-43,45-46,67-69,70-77,80-82,84-86,92-93,95-100,105-106,108-112,114-119,125-129,131-133,135-137",9999,,66,Y,ALL
172,belfa,"1-3,5,10,13,17-21",9999,,6,Y,ALL
173,belfa,"34-43,45-46,67-69,70-77,80-82,84-86,92-93,95-100,105-106,108-112,114-119,125-129,131-133,135-137",9999,,66,Y,ALL
174,bglfa,"1-3,5,10,13,17-21",9999,,6,Y,ALL
175,bglfa,"34-43,45-46,67-69,70-77,80-82,84-86,92-93,95-100,105-106,108-112,114-119,125-129,131-133,135-137",9999,,66,Y,ALL
176,bnlfj,"1-3,5,10,13,17-21",9999,,110,Y,ALL
177,bnlfj,"34-43,45-46,67-69,70-77,80-82,84-86,92-93,95-100,105-106,108-112,114-119,125-129,131-133,135-137",9999,,111,Y,ALL
178,belfj,"1-2,4,5,10,13,17,19-21",9999,,7,Y,ALL
179,belfj,"34-43,45-46,67-69,70-77,80-82,84-86,92-93,95-100,105-106,108-112,114-119,125-129,131-133,135-137",9999,,67,Y,ALL
180,bglfj,"1-5,10,13,17-21",9999,,7,Y,ALL
181,bglfj,"34-43,45-46,67-69,70-77,80-82,84-86,92-93,95-100,105-106,108-112,114-119,125-129,131-133,135-137",9999,,67,Y,ALL
182,bmlfj,"1-5,10,13,17-21",9999,,7,Y,ALL
183,bmlfj,"34-43,45-46,67-69,70-77,80-82,84-86,92-93,95-100,105-106,108-112,114-119,125-129,131-133,135-137",9999,,67,Y,ALL
184,belpa,"1-3,5,10,13,17-21",9999,,6,Y,ALL
185,belpa,"34-43,45-46,67-69,70-77,80-82,84-86,92-93,95-100,105-106,108-112,114-119,125-129,131-133,135-137",9999,,66,Y,ALL
186,bglpa,"1-3,5,10,13,17-21",9999,,6,Y,ALL
187,bglpa,"34-43,45-46,67-69,70-77,80-82,84-86,92-93,95-100,105-106,108-112,114-119,125-129,131-133,135-137",9999,,66,Y,ALL
188,bmlpa,"1-3,5,10,13,17-21",9999,,6,Y,ALL
189,bmlpa,"34-43,45-46,67-69,70-77,80-82,84-86,92-93,95-100,105-106,108-112,114-119,125-129,131-133,135-137",9999,,66,Y,ALL
190,bnlpa,"1-3,5,10,13,17-21",9999,,6,Y,ADMIN
191,bnlpa,"34-43,45-46,67-69,70-77,80-82,84-86,92-93,95-100,105-106,108-112,114-119,125-129,131-133,135-137",9999,,66,Y,ADMIN
192,belpj,"1-5,10,13,17-21",9999,,7,Y,ALL
193,belpj,"34-43,45-46,67-69,70-77,80-82,84-86,92-93,95-100,105-106,108-112,114-119,125-129,131-133,135-137",9999,,67,Y,ALL
194,bglpj,"1-5,10,13,17-21",9999,,7,Y,ALL
195,bglpj,"34-43,45-46,67-69,70-77,80-82,84-86,92-93,95-100,105-106,108-112,114-119,125-129,131-133,135-137",9999,,67,Y,ALL
196,bmlpj,"1-5,10,13,17-21",9999,,7,Y,ALL
197,bmlpj,"34-43,45-46,67-69,70-77,80-82,84-86,92-93,95-100,105-106,108-112,114-119,125-129,131-133,135-137",9999,,67,Y,ALL
198,bemca,"1-3,5,10,13,17-21",9999,,6,Y,ALL
199,bemca,"34-43,45-46,67-69,70-77,80-82,84-86,92-93,95-100,105-106,108-112,114-119,125-129,131-133,135-137",9999,,66,Y,ALL
200,bgmca,"1-3,5,10,13,17-21",9999,,6,Y,ALL
201,bgmca,"34-43,45-46,67-69,70-77,80-82,84-86,92-93,95-100,105-106,108-112,114-119,125-129,131-133,135-137",9999,,66,Y,ALL
202,bmmca,"1-3,5,10,13,17-21",9999,,6,Y,ALL
203,bmmca,"34-43,45-46,67-69,70-77,80-82,84-86,92-93,95-100,105-106,108-112,114-119,125-129,131-133,135-137",9999,,66,Y,ALL
204,bemcj,"1-5,10,13,17-21",9999,,7,Y,ALL
205,bemcj,"34-43,45-46,67-69,70-77,80-82,84-86,92-93,95-100,105-106,108-112,114-119,125-129,131-133,135-137",9999,,67,Y,ALL
206,bgmcj,"1-5,10,13,17-21",9999,,7,Y,ALL
207,bgmcj,"34-43,45-46,67-69,70-77,80-82,84-86,92-93,95-100,105-106,108-112,114-119,125-129,131-133,135-137",9999,,67,Y,ALL
208,bmmcj,"1-5,10,13,17-21",9999,,7,Y,ALL
209,bmmcj,"34-43,45-46,67-69,70-77,80-82,84-86,92-93,95-100,105-106,108-112,114-119,125-129,131-133,135-137",9999,,67,Y,ALL
210,bnfga,"1-3,5-6,9-10,13,17-21",9999,,108,Y,ALL
211,bnfga,"34-43,45-46,67-69,70-77,80-82,84-86,92-93,95-100,105-106,108-112,114-119,125-129,131-133,135-137",9999,,109,Y,ALL
212,bnnfa,"1-3,5-6,9-10,13,17-21",9999,,108,Y,ALL
213,bnnfa,"34-43,45-46,67-69,70-77,80-82,84-86,92-93,95-100,105-106,108-112,114-119,125-129,131-133,135-137",9999,,109,Y,ALL
214,benfa,"1-3,5,10,13,17-21",9999,,6,Y,ALL
215,benfa,"34-43,45-46,67-69,70-77,80-82,84-86,92-93,95-100,105-106,108-112,114-119,125-129,131-133,135-137",9999,,66,Y,ALL
216,bgnfa,"1-3,5,10,13,17-21",9999,,6,Y,ALL
217,bgnfa,"34-43,45-46,67-69,70-77,80-82,84-86,92-93,95-100,105-106,108-112,114-119,125-129,131-133,135-137",9999,,66,Y,ALL
218,bmnfa,"1-3,5,10,13,17-21",9999,,6,Y,ALL
219,bmnfa,"34-43,45-46,67-69,70-77,80-82,84-86,92-93,95-100,105-106,108-112,114-119,125-129,131-133,135-137",9999,,66,Y,ALL
220,bmnfx,"1-3,5,10,13,17-21",9999,,6,Y,ALL
221,bmnfx,"34-43,45-46,67-69,70-77,80-82,84-86,92-93,95-100,105-106,108-112,114-119,125-129,131-133,135-137",9999,,66,Y,ALL
222,bnnfj,"1-3,5-6,9-10,13,17-21",9999,,110,Y,ALL
223,bnnfj,"34-43,45-46,67-69,70-77,80-82,84-86,92-93,95-100,105-106,108-112,114-119,125-129,131-133,135-137",9999,,111,Y,ALL
224,bnfgj,"1-3,5-6,9-10,13,17-21",9999,,110,Y,ALL
225,bnfgj,"34-43,45-46,67-69,70-77,80-82,84-86,92-93,95-100,105-106,108-112,114-119,125-129,131-133,135-137",9999,,111,Y,ALL
226,befgj,"1-5,10,13,17-21",9999,,7,Y,ALL
227,befgj,"34-43,45-46,67-69,70-77,80-82,84-86,92-93,95-100,105-106,108-112,114-119,125-129,131-133,135-137",9999,,67,Y,ALL
228,bgfgj,"1-5,10,13,17-21",9999,,7,Y,ALL
229,bgfgj,"34-43,45-46,67-69,70-77,80-82,84-86,92-93,95-100,105-106,108-112,114-119,125-129,131-133,135-137",9999,,67,Y,ALL
230,bmfgj,"1-5,10,13,17-21",9999,,7,Y,ALL
231,bmfgj,"34-43,45-46,67-69,70-77,80-82,84-86,92-93,95-100,105-106,108-112,114-119,125-129,131-133,135-137",9999,,67,Y,ALL
232,benfj,"1-5,10,13,17-21",9999,,7,Y,ALL
233,benfj,"34-43,45-46,67-69,70-77,80-82,84-86,92-93,95-100,105-106,108-112,114-119,125-129,131-133,135-137",9999,,67,Y,ALL
234,bgnfj,"1-5,10,13,17-21",9999,,7,Y,ALL
235,bgnfj,"34-43,45-46,67-69,70-77,80-82,84-86,92-93,95-100,105-106,108-112,114-119,125-129,131-133,135-137",9999,,67,Y,ALL
236,bmnfj,"1-5,10,13,17-21",9999,,7,Y,ALL
237,bmnfj,"34-43,45-46,67-69,70-77,80-82,84-86,92-93,95-100,105-106,108-112,114-119,125-129,131-133,135-137",9999,,67,Y,ALL
238,bepra,"1-3,5,10,13,17-21,34-43,45-46,67-69,71-77,80-82,84-86,92-93,95-100,105-106,108-112,114-119,125-129,131-133,135-137",3,,3,Y,ALL
239,bgpra,"1-3,5,10,13,17-21,34-43,45-46,67-69,71-77,80-82,84-86,92-93,95-100,105-106,108-112,114-119,125-129,131-133,135-137",3,,3,Y,ALL
240,bmpra,"1-3,5,10,13,17-21,34-43,45-46,67-69,71-77,80-82,84-86,92-93,95-100,105-106,108-112,114-119,125-129,131-133,135-137",3,,3,Y,ALL
241,bmppj,"1-3,5,10,13,17-21,34-43,45-46,67-69,71-77,80-82,84-86,92-93,95-100,105-106,108-112,114-119,125-129,131-133,135-137",3,,3,Y,ALL
242,beprj,"1-3,5,10,13,17-21,34-43,45-46,67-69,71-77,80-82,84-86,92-93,95-100,105-106,108-112,114-119,125-129,131-133,135-137",3,,4,Y,ALL
243,bgprj,"1-3,5,10,13,17-21,34-43,45-46,67-69,71-77,80-82,84-86,92-93,95-100,105-106,108-112,114-119,125-129,131-133,135-137",3,,4,Y,ALL
244,bmprj,"1-3,5,10,13,17-21,34-43,45-46,67-69,71-77,80-82,84-86,92-93,95-100,105-106,108-112,114-119,125-129,131-133,135-137",3,,4,Y,ALL
245,besta,"1-3,5,10,13,17-21",9999,,6,Y,ALL
246,besta,"34-43,45-46,67-69,70-77,80-82,84-86,92-93,95-100,105-106,108-112,114-119,125-129,131-133,135-137",9999,,66,Y,ALL
247,besta,"1-3,5,10,13,17-21","8,9",,2,Y,ALL
248,besta,"34-43,45-46,67-69,70-77,80-82,84-86,92-93,95-100,105-106,108-112,114-119,125-129,131-133,135-137","8,9",,66,Y,ALL
249,bgsta,"1-3,5,10,13,17-21",9999,,6,Y,ALL
250,bgsta,"34-43,45-46,67-69,70-77,80-82,84-86,92-93,95-100,105-106,108-112,114-119,125-129,131-133,135-137",9999,,66,Y,ALL
251,bgsta,"1-3,5,10,13,17-21","8,9",,2,Y,ALL
252,bgsta,"34-43,45-46,67-69,70-77,80-82,84-86,92-93,95-100,105-106,108-112,114-119,125-129,131-133,135-137","8,9",,65,Y,ALL
253,bmsta,"1-3,5,10,13,17-21",9999,,6,Y,ALL
254,bmsta,"34-43,45-46,67-69,70-77,80-82,84-86,92-93,95-100,105-106,108-112,114-119,125-129,131-133,135-137",9999,,66,Y,ALL
255,bmsta,"1-3,5,10,13,17-21","8,9",,2,Y,ALL
256,bmsta,"34-43,45-46,67-69,70-77,80-82,84-86,92-93,95-100,105-106,108-112,114-119,125-129,131-133,135-137","8,9",,65,Y,ALL
257,bnsta,"1-3,5,10,13,17-21",9999,,6,Y,ALL
258,bnsta,"34-43,45-46,67-69,70-77,80-82,84-86,92-93,95-100,105-106,108-112,114-119,125-129,131-133,135-137",9999,,66,Y,ALL
259,bnsta,"1-3,5,10,13,17-21","8,9",,2,Y,ALL
260,bnsta,"34-43,45-46,67-69,70-77,80-82,84-86,92-93,95-100,105-106,108-112,114-119,125-129,131-133,135-137","8,9",,65,Y,ALL
261,bmstj,"1-3,5,10,13,17-21,34-43,45-46,67-69,70-77,80-82,84-86,92-93,95-100,105-106,108-112,114-119,125-129,131-133,135-137",9999,,6,Y,ALL
262,bmsfj,"1-3,5,10,13,17-21,34-43,45-46,67-69,70-77,80-82,84-86,92-93,95-100,105-106,108-112,114-119,125-129,131-133,135-137",9999,,6,Y,ALL
263,bmsej,"1-3,5,10,13,17-21,34-43,45-46,67-69,70-77,80-82,84-86,92-93,95-100,105-106,108-112,114-119,125-129,131-133,135-137",9999,,6,Y,ALL
264,bmspj,"1-3,5,10,13,17-21,34-43,45-46,67-69,70-77,80-82,84-86,92-93,95-100,105-106,108-112,114-119,125-129,131-133,135-137",9999,,6,Y,ALL
265,bespj,"1-3,5,10,13,17-21,34-43,45-46,67-69,70-77,80-82,84-86,92-93,95-100,105-106,108-112,114-119,125-129,131-133,135-137",9999,,6,Y,ALL
266,besej,"1-3,5,10,13,17-21,34-43,45-46,67-69,70-77,80-82,84-86,92-93,95-100,105-106,108-112,114-119,125-129,131-133,135-137",9999,,6,Y,ALL
267,besfj,"1-3,5,10,13,17-21,34-43,45-46,67-69,70-77,80-82,84-86,92-93,95-100,105-106,108-112,114-119,125-129,131-133,135-137",9999,,6,Y,ALL
268,bestj,"1-3,5,10,13,17-21,34-43,45-46,67-69,70-77,80-82,84-86,92-93,95-100,105-106,108-112,114-119,125-129,131-133,135-137",9999,,6,Y,ALL
269,bgstj,"1-3,5,10,13,17-21,34-43,45-46,67-69,70-77,80-82,84-86,92-93,95-100,105-106,108-112,114-119,125-129,131-133,135-137",9999,,6,Y,ALL
270,bgsfj,"1-3,5,10,13,17-21,34-43,45-46,67-69,70-77,80-82,84-86,92-93,95-100,105-106,108-112,114-119,125-129,131-133,135-137",9999,,6,Y,ALL
271,bgspj,"1-3,5,10,13,17-21,34-43,45-46,67-69,70-77,80-82,84-86,92-93,95-100,105-106,108-112,114-119,125-129,131-133,135-137",9999,,6,Y,ALL
272,bgsej,"1-3,5,10,13,17-21,34-43,45-46,67-69,70-77,80-82,84-86,92-93,95-100,105-106,108-112,114-119,125-129,131-133,135-137",9999,,6,Y,ALL
273,bnstj,"1-3,5,10,13,17-21,34-43,45-46,67-69,70-77,80-82,84-86,92-93,95-100,105-106,108-112,114-119,125-129,131-133,135-137",9999,,6,Y,ALL
274,bnsfj,"1-3,5,10,13,17-21,34-43,45-46,67-69,70-77,80-82,84-86,92-93,95-100,105-106,108-112,114-119,125-129,131-133,135-137",9999,,6,Y,ALL
275,bnspj,"1-3,5,10,13,17-21,34-43,45-46,67-69,70-77,80-82,84-86,92-93,95-100,105-106,108-112,114-119,125-129,131-133,135-137",9999,,6,Y,ALL
276,bnsej,"1-3,5,10,13,17-21,34-43,45-46,67-69,70-77,80-82,84-86,92-93,95-100,105-106,108-112,114-119,125-129,131-133,135-137",9999,,6,Y,ALL
277,bevmj,"1-3,5,10,13,17-21,34-43,45-46,67-69,71-77,80-82,84-86,92-93,95-100,105-106,108-112,114-119,125-129,131-133,135-137","8,9",,4,Y,ALL
278,bgvmj,"1-3,5,10,13,17-21,34-43,45-46,67-69,71-77,80-82,84-86,92-93,95-100,105-106,108-112,114-119,125-129,131-133,135-137","8,9",,4,Y,ALL
279,bmvmj,"1-5,7-8,10,12,13,17-21,34-43,45-46,67-77,80-82,95-100,105-106,108-112,114-119,125-129,131-133,135-137","7,8,9,20",,83,Y,ALL
280,bgbfa,"1-3,5,10,13,17-21",9999,,6,Y,ALL
281,bgbfa,"34-43,45-46,67-69,70-77,80-82,84-86,92-93,95-100,105-106,108-112,114-119,125-129,131-133,135-137",9999,,66,Y,ALL
282,bgbsa,"1-3,5,10,13,17-21",9999,,6,Y,ALL
283,bgbsa,"34-43,45-46,67-69,70-77,80-82,84-86,92-93,95-100,105-106,108-112,114-119,125-129,131-133,135-137",9999,,66,Y,ALL
284,bgbsj,"1-5,10,13,17-21",9999,,7,Y,ALL
285,bgbsj,"34-43,45-46,67-69,70-77,80-82,84-86,92-93,95-100,105-106,108-112,114-119,125-129,131-133,135-137",9999,,67,Y,ALL
286,bgbsm,"1-3,5,10,13,17-21",9999,,6,Y,ALL
287,bgbsm,"34-43,45-46,67-69,70-77,80-82,84-86,92-93,95-100,105-106,108-112,114-119,125-129,131-133,135-137",9999,,66,Y,ALL
288,bmaaa,"1-3,5,10,13,17-21",9999,,6,Y,ALL
289,bmaaa,"34-43,45-46,67-69,70-77,80-82,84-86,92-93,95-100,105-106,108-112,114-119,125-129,131-133,135-137",9999,,66,Y,ALL
290,bmaaj,"1-5,10,13,17-21",9999,,7,Y,ALL
291,bmaaj,"34-43,45-46,67-69,70-77,80-82,84-86,92-93,95-100,105-106,108-112,114-119,125-129,131-133,135-137",9999,,67,Y,ALL
292,bmaba,"1-3,5,10,13,17-21",9999,,6,Y,ALL
293,bmaba,"34-43,45-46,67-69,70-77,80-82,84-86,92-93,95-100,105-106,108-112,114-119,125-129,131-133,135-137",9999,,66,Y,ALL
294,bmabj,"1-5,10,13,17-21",9999,,7,Y,ALL
295,bmabj,"34-43,45-46,67-69,70-77,80-82,84-86,92-93,95-100,105-106,108-112,114-119,125-129,131-133,135-137",9999,,67,Y,ALL
296,bmaca,"1-3,5,10,13,17-21",9999,,6,Y,ALL
297,bmaca,"34-43,45-46,67-69,70-77,80-82,84-86,92-93,95-100,105-106,108-112,114-119,125-129,131-133,135-137",9999,,66,Y,ALL
298,bmacj,"1-5,10,13,17-21",9999,,7,Y,ALL
299,bmacj,"34-43,45-46,67-69,70-77,80-82,84-86,92-93,95-100,105-106,108-112,114-119,125-129,131-133,135-137",9999,,67,Y,ALL
300,bmapa,"1-3,5,10,13,17-21,34-43,45-46,67-69,71-77,80-82,84-86,92-93,95-100,105-106,108-112,114-119,125-129,131-133,135-137",3,,3,Y,ALL
301,bmapj,"1-3,5,10,13,17-21,34-43,45-46,67-69,71-77,80-82,84-86,92-93,95-100,105-106,108-112,114-119,125-129,131-133,135-137",3,,4,Y,ALL
302,bmava,"1-3,5,10,13,17-21","8,9",,2,Y,ALL
303,bmava,"34-43,45-46,67-69,70-77,80-82,84-86,92-93,95-100,105-106,108-112,114-119,125-129,131-133,135-137","8,9",,65,Y,ADMIN
304,bmavj,"1-3,5,10,13,17-21,34-43,45-46,67-69,71-77,80-82,84-86,92-93,95-100,105-106,108-112,114-119,125-129,131-133,135-137","8,9",,4,Y,ALL
305,bmbba,"1-13,17-21,34-43,45-46,67-69,71-77,80-82,84-86,92-93,95-100,105-106,108-112,114-119,125-129,131-133,135-137",9999,,81,Y,ADMIN
306,bmbba,"8,9,12,70",9999,,82,Y,ADMIN
307,bmbfa,"1-3,5,10,13,17-21",9999,,6,Y,ALL
308,bmbfa,"34-43,45-46,67-69,70-77,80-82,84-86,92-93,95-100,105-106,108-112,114-119,125-129,131-133,135-137",9999,,66,Y,ALL
309,bmbsa,"1-3,5,10,13,17-21",9999,,6,Y,ALL
310,bmbsa,"34-43,45-46,67-69,70-77,80-82,84-86,92-93,95-100,105-106,108-112,114-119,125-129,131-133,135-137",9999,,66,Y,ALL
311,bmbsj,"1-5,10,13,17-21",9999,,7,Y,ALL
312,bmbsj,"34-43,45-46,67-69,70-77,80-82,84-86,92-93,95-100,105-106,108-112,114-119,125-129,131-133,135-137",9999,,67,Y,ALL
313,bmbsm,"1-3,5,10,13,17-21",9999,,6,Y,ALL
314,bmbsm,"1-3,5,10,13,17-21",9999,,66,Y,ALL
315,bmlca,"1-5,10,13,17-21",9999,,7,Y,ALL
316,bmlca,"34-43,45-46,67-69,70-77,80-82,84-86,92-93,95-100,105-106,108-112,114-119,125-129,131-133,135-137",9999,,67,Y,ALL
317,bmlta,"1-3,5,10,13,17-21",9999,,110,Y,ALL
318,bmlta,"34-43,45-46,67-69,70-77,80-82,84-86,92-93,95-100,105-106,108-112,114-119,125-129,131-133,135-137",9999,,111,Y,ALL
319,bmnpj,"1-3,5,10,13,17-21",9999,,6,Y,ALL
320,bmnpj,"34-43,45-46,67-69,70-77,80-82,84-86,92-93,95-100,105-106,108-112,114-119,125-129,131-133,135-137",9999,,66,Y,ALL
321,bmsto,"1-3,5,10,13,17-21",9999,,6,Y,ALL
322,bmsto,"34-43,45-46,67-69,70-77,80-82,84-86,92-93,95-100,105-106,108-112,114-119,125-129,131-133,135-137",9999,,66,Y,ALL
323,bmvpj,"1-3,5,10,13,17-21",9,,2,Y,ALL
324,bmvpj,"34-43,45-46,67-69,70-77,80-82,84-86,92-93,95-100,105-106,108-112,114-119,125-129,131-133,135-137",9,,65,Y,ALL
325,bnvd*,9999,9,,112,Y,ADMIN
326,bnvd*,"1-3,5-6,9-10,13,17-21",9,,112,Y,ALL
327,bnvd*,"34-43,45-46,67-69,70-77,80-82,84-86,92-93,95-100,105-106,108-112,114-119,125-129,131-133,135-137",9,,113,Y,ALL
328,bevd*,"1-3,5,10,13,17-21",9,,2,Y,ALL
329,bevd*,"34-43,45-46,67-69,70-77,80-82,84-86,92-93,95-100,105-106,108-112,114-119,125-129,131-133,135-137",9,,65,Y,ADMIN
330,bgvd*,"1-3,5,10,13,17-21",9,,2,Y,ALL
331,bgvd*,"34-43,45-46,67-69,70-77,80-82,84-86,92-93,95-100,105-106,108-112,114-119,125-129,131-133,135-137",9,,65,Y,ADMIN
332,bmvd*,"1-3,5,10,13,17-21",9,,2,Y,ALL
333,bmvd*,"34-43,45-46,67-69,70-77,80-82,84-86,92-93,95-100,105-106,108-112,114-119,125-129,131-133,135-137",9,,65,Y,ALL
334,"bmd* ","1-3,5,10,13,17-21",9,,2,Y,ADMIN
335,"bmd* ","34-43,45-46,67-69,70-77,80-82,84-86,92-93,95-100,105-106,108-112,114-119,125-129,131-133,135-137",9,,65,Y,ADMIN
336,bnvd*,9999,24,,108,Y,ADMIN
337,bnvd*,"1-3,5-6,9-10,13,17-21",24,,108,Y,ALL
338,bnvd*,"34-43,45-46,67-69,70-77,80-82,84-86,92-93,95-100,105-106,108-112,114-119,125-129,131-133,135-137",24,,109,Y,ALL
339,bevd*,"1-3,5,10,13,17-21",24,,6,Y,ALL
340,bevd*,"34-43,45-46,67-69,70-77,80-82,84-86,92-93,95-100,105-106,108-112,114-119,125-129,131-133,135-137",24,,66,Y,ADMIN
341,bgvd*,"1-3,5,10,13,17-21",24,,6,Y,ALL
342,bgvd*,"34-43,45-46,67-69,70-77,80-82,84-86,92-93,95-100,105-106,108-112,114-119,125-129,131-133,135-137",24,,66,Y,ADMIN
343,bmvd*,"1-3,5,10,13,17-21",24,,6,Y,ALL
344,bmvd*,"34-43,45-46,67-69,70-77,80-82,84-86,92-93,95-100,105-106,108-112,114-119,125-129,131-133,135-137",24,,66,Y,ALL
345,"bmd* ","1-3,5,10,13,17-21",24,,6,Y,ADMIN
346,"bmd* ","34-43,45-46,67-69,70-77,80-82,84-86,92-93,95-100,105-106,108-112,114-119,125-129,131-133,135-137",24,,66,Y,ADMIN
347,?????,6,"3-19,21-24",,1,N,ADMIN
348,b*,6,"0,1,20",,11,Y,ALL
349,bmaaj,6,9999,,11,Y,ALL
350,befcj,6,9999,,11,Y,ALL
351,bgfcj,6,9999,,11,Y,ALL
352,bmfcj,6,9999,,11,Y,ALL
353,befbj,6,9999,,11,Y,ALL
354,bgfbj,6,9999,,11,Y,ALL
355,bmfbj,6,9999,,11,Y,ALL
356,befpj,6,9999,,11,Y,ALL
357,bgfpj,6,9999,,11,Y,ALL
358,bmfpj,6,9999,,11,Y,ALL
359,befej,6,9999,,11,Y,ALL
360,bgfej,6,9999,,11,Y,ALL
361,bmfej,6,9999,,11,Y,ALL
362,benfj,6,9999,,11,Y,ALL
363,bgnfj,6,9999,,11,Y,ALL
364,bmnfj,6,9999,,11,Y,ALL
365,bmnpj,6,9999,,11,Y,ALL
366,beprj,6,9999,,11,Y,ALL
367,bgprj,6,9999,,11,Y,ALL
368,bmfcj,6,9999,,11,Y,ALL
369,bmlpj,6,9999,,11,Y,ALL
370,bmlfj,6,9999,,11,Y,ALL
371,bglfj,6,9999,,11,Y,ALL
372,belfj,6,9999,,11,Y,ALL
373,"bmej ",6,9999,,11,Y,ADMIN
374,bmdwj,6,9999,,11,Y,ADMIN
375,"be*  ",14,"0-3,5,7,10-13,19",,10,Y,ALL
376,"bg*  ",14,"0-3,5,7,10-13,19",,10,Y,ALL
377,"bm*  ",14,"0-3,5,7,10-13,19",,10,Y,ALL
378,bev*,14,"8,9",,15,Y,ALL
379,bgv*,14,"8,9",,15,Y,ALL
380,bmv*,14,"8,9",,15,Y,ALL
381,ber*,9999,9999,,1,Y,ALL
382,bgr*,9999,9999,,1,Y,ALL
383,"bmr* ",9999,9999,,1,Y,ALL
384,bnraj,"1-5,8,10,17-21",19,,7,Y,ADMIN
385,bgraj,"1-5,8,10,17-21",19,,7,Y,ADMIN
386,beraj,"1-5,8,10,17-21",19,,7,Y,ADMIN
387,bmraj,"1-5,8,10,17-21",19,,7,Y,ADMIN
388,bnraj,"34-43,45-46,67-69,70-77,80-82,84-86,92-93,95-100,105-106,108-112,114-119,125-129,131-133,135-137",19,,67,Y,ADMIN
389,bgraj,"34-43,45-46,67-69,70-77,80-82,84-86,92-93,95-100,105-106,108-112,114-119,125-129,131-133,135-137",19,,67,Y,ADMIN
390,beraj,"34-43,45-46,67-69,70-77,80-82,84-86,92-93,95-100,105-106,108-112,114-119,125-129,131-133,135-137",19,,67,Y,ADMIN
391,bmraj,"34-43,45-46,67-69,70-77,80-82,84-86,92-93,95-100,105-106,108-112,114-119,125-129,131-133,135-137",19,,67,Y,ADMIN
392,bmrfa,"1-3,5,10,13,17-21","8,9",,2,Y,ADMIN
393,bmrfa,"34-43,45-46,67-69,70-77,80-82,84-86,92-93,95-100,105-106,108-112,114-119,125-129,131-133,135-137","8,9",,65,Y,ADMIN
394,bnrcj,"1-3,5,10,13,17-21,34-43,45-46,67-69,71-77,80-82,84-86,92-93,95-100,105-106,108-112,114-119,125-129,131-133,135-137",9999,,9,Y,ALL
395,bmrcj,"1-3,5,10,13,17-21,34-43,45-46,67-69,71-77,80-82,84-86,92-93,95-100,105-106,108-112,114-119,125-129,131-133,135-137",9999,,9,Y,ALL
396,bmrlj,"1-5,10,13,17-21,34-43,45-46,67-69,71-77,80-82,84-86,92-93,95-100,105-106,108-112,114-119,125-129,131-133,135-137",9999,,7,Y,ALL
397,bmara,"1-3,5,10,13,17-21",9999,,6,Y,ALL
398,bmara,"34-43,45-46,67-69,70-77,80-82,84-86,92-93,95-100,105-106,108-112,114-119,125-129,131-133,135-137",9999,,66,Y,ALL
399,befcx,"1-3,5,10,13,17-21",9999,,6,Y,ALL
400,befcx,"34-43,45-46,67-69,70-77,80-82,84-86,92-93,95-100,105-106,108-112,114-119,125-129,131-133,135-137",9999,,66,Y,ALL
401,befsx,"1-3,5,10,13,17-21",9999,,6,Y,ALL
402,befsx,"34-43,45-46,67-69,70-77,80-82,84-86,92-93,95-100,105-106,108-112,114-119,125-129,131-133,135-137",9999,,66,Y,ALL
403,befmx,"1-3,5,10,13,17-21",9999,,6,Y,ALL
404,befmx,"34-43,45-46,67-69,70-77,80-82,84-86,92-93,95-100,105-106,108-112,114-119,125-129,131-133,135-137",9999,,66,Y,ALL
405,benfx,"1-3,5,10,13,17-21",9999,,6,Y,ALL
406,benfx,"34-43,45-46,67-69,70-77,80-82,84-86,92-93,95-100,105-106,108-112,114-119,125-129,131-133,135-137",9999,,66,Y,ALL
407,bercj,"1-3,5,10,13,17-21,34-43,45-46,67-69,71-77,80-82,84-86,92-93,95-100,105-106,108-112,114-119,125-129,131-133,135-137",9999,,9,Y,ADMIN
408,bgfcx,"1-3,5,10,13,17-21",9999,,6,Y,ALL
409,bgfcx,"34-43,45-46,67-69,70-77,80-82,84-86,92-93,95-100,105-106,108-112,114-119,125-129,131-133,135-137",9999,,66,Y,ALL
410,bgfsx,"1-3,5,10,13,17-21",9999,,6,Y,ALL
411,bgfsx,"34-43,45-46,67-69,70-77,80-82,84-86,92-93,95-100,105-106,108-112,114-119,125-129,131-133,135-137",9999,,66,Y,ALL
412,bgfmx,"1-3,5,10,13,17-21",9999,,6,Y,ALL
413,bgfmx,"34-43,45-46,67-69,70-77,80-82,84-86,92-93,95-100,105-106,108-112,114-119,125-129,131-133,135-137",9999,,66,Y,ALL
414,bgnfx,"1-3,5,10,13,17-21",9999,,6,Y,ALL
415,bgnfx,"34-43,45-46,67-69,70-77,80-82,84-86,92-93,95-100,105-106,108-112,114-119,125-129,131-133,135-137",9999,,66,Y,ALL
416,bgrcj,"1-3,5,10,13,17-21,34-43,45-46,67-69,71-77,80-82,84-86,92-93,95-100,105-106,108-112,114-119,125-129,131-133,135-137",9999,,9,Y,ADMIN
417,"b*   ","1-3,5,10,13,17-21,34-43,45-46,67-69,71-77,80-82,84-86,92-93,95-100,105-106,108-112,114-119,125-129,131-133,135-137",13,,66,Y,ADMIN
418,bneqi,"1-10,13,17-21,34-43,45-46,67-69,71-77,80-82,84-86,92-93,95-100,125-129,131-133,135-137",13,,118,Y,ADMIN
419,bgeqi,"1-10,13,17-21,34-43,45-46,67-69,71-77,80-82,84-86,92-93,95-100,125-129,131-133,135-137",13,,118,Y,ADMIN
420,beeqi,"1-10,13,17-21,34-43,45-46,67-69,71-77,80-82,84-86,92-93,95-100,125-129,131-133,135-137",13,,118,Y,ADMIN
421,bmeqi,"1-10,13,17-21,34-43,45-46,67-69,71-77,80-82,84-86,92-93,95-100,125-129,131-133,135-137",13,,118,Y,ADMIN
422,bgcba,9999,9999,,1,Y,ADMIN
423,bmcba,9999,9999,,1,Y,ADMIN
424,becba,9999,9999,,1,Y,ADMIN
425,bncba,9999,9999,,1,Y,ADMIN
426,bmcba,"1-12,17-21",13,,214,Y,ADMIN
427,becba,"1-12,17-21",13,,214,Y,ADMIN
428,bgcba,"1-12,17-21",13,,214,Y,ADMIN
429,bncba,"1-12,17-21",13,,214,Y,ADMIN
430,bmcba,"1-8,10,12,19-21",17,,223,Y,ADMIN
431,becba,"1-8,10,12,19-21",17,,223,Y,ADMIN
432,bgcba,"1-8,10,12,19-21",17,,223,Y,ADMIN
433,bncba,"1-8,10,12,19-21",17,,223,Y,ADMIN
434,"b*   ","1-3,5,7,10,13,17-21,34-43,45-46,67-69,71-77,80-82,84-86,92-93,95-100,105-106,108-112,114-119,125-129,131-133,135-137",20,,54,Y,ADMIN
435,"b*   ","4,7-8,12,70",20,,55,Y,ADMIN
436,bmfpj,"1-3,5,10,13,17-21,34-43,45-46,67-69,71-77,80-82,84-86,92-93,95-100,105-106,108-112,114-119,125-129,131-133,135-137",20,,63,Y,ADMIN
437,bmfcj,"1-3,5,10,13,17-21,34-43,45-46,67-69,71-77,80-82,84-86,92-93,95-100,105-106,108-112,114-119,125-129,131-133,135-137",20,,63,Y,ADMIN
438,befcj,"1-3,5,10,13,17-21,34-43,45-46,67-69,71-77,80-82,84-86,92-93,95-100,105-106,108-112,114-119,125-129,131-133,135-137",20,,63,Y,ADMIN
439,befbj,"1-5,7-8,10,12-13,17-21",20,,110,Y,ALL
440,befbj,"34-43,45-46,67-69,70-77,80-82,84-86,92-93,95-100,105-106,108-112,114-119,125-129,131-133,135-137",20,,111,Y,ALL
441,bgfbj,"1-5,7-8,10,12-13,17-21",20,,110,Y,ALL
442,bgfbj,"34-43,45-46,67-69,70-77,80-82,84-86,92-93,95-100,105-106,108-112,114-119,125-129,131-133,135-137",20,,111,Y,ALL
443,bmfbj,"34-43,45-46,67-69,70-77,80-82,84-86,92-93,95-100,105-106,108-112,114-119,125-129,131-133,135-137",20,,111,Y,ALL
444,bmfbj,"1-5,7-8,10,12-13,17-21",20,,110,Y,ALL
445,bnfbj,"34-43,45-46,67-69,70-77,80-82,84-86,92-93,95-100,105-106,108-112,114-119,125-129,131-133,135-137",20,,111,Y,ALL
446,bnfbj,"1-5,7-8,10,12-13,17-21",20,,110,Y,ALL
447,"bmej ","34-43,45-46,67-69,70-77,80-82,84-86,92-93,95-100,105-106,108-112,114-119,125-129,131-133,135-137",20,,111,Y,ALL
448,"bmej ","1-3,5,10,13,17-21",20,,110,Y,ALL
449,bgfcj,"1-3,5,10,13,17-21,34-43,45-46,67-69,71-77,80-82,84-86,92-93,95-100,105-106,108-112,114-119,125-129,131-133,135-137",20,,63,Y,ADMIN
450,bmnfj,"1-3,5,10,13,17-21,34-43,45-46,67-69,71-77,80-82,84-86,92-93,95-100,105-106,108-112,114-119,125-129,131-133,135-137",20,,63,Y,ADMIN
451,"b*   ","1-5,7,10,13,17-21,34-43,45-46,67-69,71-77,80-82,84-86,95-100,105-106,108-112,114-119,125-129,131-133,135-137",23,,103,Y,ADMIN
452,bmill,"1-5,7-8,10,13,17-21","0-1,7,10,11,14,15,16,17,19",,119,Y,ALL
453,bmill,"1-5,7-8,10,13,17-21","2-3,8-9",,120,Y,ALL
454,"bc   ",11,9999,,17,N,ALL
455,bevmj,"1-5,7-8,10,12-13,17-21,34-43,45-46,67-77,80-82,84-86,95-100,105-106,108-112,114-119,125-129,131-133,135-137","7,8,9,20",,83,Y,ALL
456,bgvmj,"1-5,7-8,10,12-13,17-21,34-43,45-46,67-77,80-82,84-87,95-100,105-106,108-112,114-119,125-129,131-133,135-137","7,8,9,20",,83,Y,ALL
457,"bmi  ",9999,9999,,1,Y,ADMIN
458,beerd,9999,5,,1,Y,ADMIN
459,beerd,"1-5,7-8,10,13,17-21",5,,103,Y,ADMIN
460,bgerd,9999,5,,1,Y,ADMIN
461,bgerd,"1-5,7-8,10,13,17-21",5,,103,Y,ADMIN
462,bnerd,9999,40,,1,Y,ADMIN
463,bnerd,"1,4,7,8,12",40,,101,Y,ADMIN
464,bmerd,9999,5,,1,Y,ADMIN
465,bmerd,"1-5,7-8,10,13,17-21",5,,103,Y,ADMIN
466,bmerd,7,40,,101,N,ADMIN
467,bmrba,9999,13,,1,Y,ADMIN
468,bmrba,"1-4,7-9,11-13,17-18",13,,103,Y,ADMIN
469,lserd,9999,40,,20,Y,ADMIN
470,lserd,"35,36,38,45",40,,102,Y,ADMIN
471,bektj,"34-43,45-46,67-69,70-77,80-82,84-86,92-93,95-100,105-106,108-112,114-119,125-129,131-133,135-137",9999,,1,Y,ALL
472,bgktj,"34-43,45-46,67-69,70-77,80-82,84-86,92-93,95-100,105-106,108-112,114-119,125-129,131-133,135-137",9999,,1,Y,ALL
473,bmktj,"34-43,45-46,67-69,70-77,80-82,84-86,92-93,95-100,105-106,108-112,114-119,125-129,131-133,135-137",9999,,1,Y,ALL
474,bektj,"1-5,7-8,10,13,17-21",9999,,104,Y,ALL
475,bgktj,"1-5,7-8,10,13,17-21",9999,,104,Y,ALL
476,bmktj,"1-5,7-8,10,13,17-21",9999,,104,Y,ALL
477,bmmh*,9999,9999,,1,Y,ADMIN
478,bmmhx,"1-5,7-8,10,12-13,17-21",9999,12+,54,Y,ADMIN
479,bmmha,"1-5,7-8,10,12-13,17-21",9999,12+,6,Y,ADMIN
480,bemh*,9999,9999,,1,Y,ADMIN
481,bemhx,"1-5,7-8,10,12-13,17-21",9999,12+,54,Y,ADMIN
482,bemha,"1-5,7-8,10,12-13,17-21",9999,12+,6,Y,ADMIN
483,bgmh*,9999,9999,,1,Y,ADMIN
484,bgmhx,"1-5,7-8,10,12-13,17-21",9999,12+,54,Y,ADMIN
485,bgmha,"1-5,7-8,10,12-13,17-21",9999,12+,6,Y,ADMIN
486,bnmh*,9999,9999,,1,Y,ADMIN
487,bnmhx,"1-5,7-8,10,12-13,17-21",9999,12+,54,Y,ADMIN
488,bnmha,"1-5,7-8,10,12-13,17-21",9999,12+,6,Y,ADMIN
489,?????,21,9999,,1,N,ADMIN
490,sudvd,"1-7,12,17,19-20,35,38-43,45-46,67-69,3,8-11,13-15,18,80-82,84-87,92-93,95-100,105-106,108-112,114-119,125-129,131-133,135-137",9999,,30,Y,ADMIN
491,"sul* ","1-7,12,17,19-20,35,38-43,45-46,67-69,3,8-11,13-15,18,80-82,84-87,92-93,95-100,105-106,108-112,114-119,125-129,131-133,135-137",9999,,33,Y,ADMIN
492,"ls*  ",48,"0-2,4-5,7-9,10,11,13,19",,27,Y,ALL
493,ls*,34,9999,,28,Y,ALL
494,"ls*  ","36-37,70-77","0-2,4-5,7,10,11,13,19",,26,Y,ALL
495,lsart,"36-37,70-77",12,,26,Y,ALL
496,"ls*  ","36-37,70-77",24,,26,Y,ALL
497,"ls*  ","36-37,70-77","8,9",,25,Y,ALL
498,"lsr* ","36-37,70-77",9999,,24,Y,ALL
499,"ls*  ","35,38-43,45-46,67-69,3,8-11,13-15,18,80-82,84-87,92-93,95-100,105-106,108-112,114-119,125-129,131-133,135-137","0-2,4-5,7,10,11,13,19",,22,Y,ALL
500,"ls*  ",35,"0-2,4-5,7,10,11,13,19",,205,Y,ALL
501,"ls*  ","1-7,12,17,19-20","0-2,4-5,7,10,11,13,19",,69,Y,ALL
502,lsart,"35,38-43,45-46,67-69,3,8-11,13-15,18,80-82,84-87,92-93,95-100,125-129,131-133,135-137",12,,22,Y,ALL
503,lsart,"1-7,12,17,19-20",12,,69,Y,ALL
504,lssp*,9999,"5,25",,20,Y,ALL
505,lsspa,"34-39,45-46",9999,,140,Y,ALL
506,lsspa,"34-39,45-46",5,,222,Y,ALL
507,lsspa,"34-39,45-46",25,,227,Y,ALL
508,lsspj,"34-41,45-46",9999,,141,Y,ALL
509,"ls*  ","1-7,12,17,19-20,35,38-43,45-46,67-69,3,8-11,13-15,18,80-82,84-87,92-93,95-100,105-106,108-112,114-119,125-129,131-133,135-137",24,,210,Y,ALL
510,"ls*  ","1-7,12,17,19-20,35,38-43,45-46,67-69,3,8-11,13-15,18,80-82,84-87,92-93,95-100,105-106,108-112,114-119,125-129,131-133,135-137","8,9",,21,Y,ALL
511,lsbge,"1-20,67-87,90-100,105-106,108-112,114-119,125-129,131-133,135-137",9999,,33,Y,ADMIN
512,"lsr* ","34-43,45-46,67-69,70-77,80-82,84-87,92-93,95-100,105-106,108-112,114-119,125-129,131-133,135-137",9999,,20,Y,ALL
513,lsnca,"35-37,70-77",03,,26,Y,ALL
514,"ls*  ","35-37,70-77",15-17,,24,Y,ALL
515,lspr*,"34-43,45-46,67-69,70-77,80-82,84-87,92-93,95-100,105-106,108-112,114-119,125-129,131-133,135-137",03,,33,Y,ALL
516,lspr*,"34-42,45-46,48",03,,26,Y,ALL
517,lsnca,"35,38-43,45-46,1-13,17-20,67-70,80-82,84-87,92-93,95-100,105-106,108-112,114-119,125-129,131-133,135-137",03,,33,Y,ALL
518,"ls*  ","35,38-43,45-46,1-13,17-20,67-69,80-82,84-87,92-93,95-100,105-106,108-112,114-119,125-129,131-133,135-137",15-17,,20,Y,ALL
519,lsbb*,"35-43,45-46,1-13,17-20,67-70,80-82,84-87,92-93,95-100,105-106,108-112,114-119,125-129,131-133,135-137",9999,,36,Y,ADMIN
520,lsbb*,"36-37,70-77",9999,,37,Y,ADMIN
521,lshty,"35-43,45-46,1-13,17-20,67-70,80-82,84-87,92-93,95-100,105-106,108-112,114-119,125-129,131-133,135-137",9999,,34,Y,ADMIN
522,lshtj,"35-43,45-46,1-13,17-20,67-70,80-82,84-87,92-93,95-100,105-106,108-112,114-119,125-129,131-133,135-137",9999,,34,Y,ADMIN
523,lshta,"35-43,45-46,1-13,17-20,67-70,80-82,84-87,92-93,95-100,105-106,108-112,114-119,125-129,131-133,135-137",9999,,34,Y,ADMIN
524,lshtd,"35-43,45-46,1-13,17-20,67-70,80-82,84-87,92-93,95-100,105-106,108-112,114-119,125-129,131-133,135-137",9999,,35,Y,ADMIN
525,lshtd,"35-43,45-46,1-13,17-20,67-70,80-82,84-87,92-93,95-100,105-106,108-112,114-119,125-129,131-133,135-137",24,,34,Y,ADMIN
526,lsprx,9999,9999,,30,Y,ALL
527,lssgj,"35-43,45-46,1-13,17-20,67-70,80-82,84-87,92-93,95-100,105-106,108-112,114-119,125-129,131-133,135-137",5,,38,Y,ADMIN
528,lssgj,"36-37,70",5,,39,Y,ADMIN
529,lsill,9999,9999,,29,Y,ALL
530,lseqi,9999,13,,1,Y,ADMIN
531,lseqi,"34,35,36,38,40,45",13,,201,Y,ADMIN
532,lseqp,9999,"5,25",,20,Y,ADMIN
533,lseqp,"34-39,42-47",5,,90,Y,ADMIN
534,lseqp,"34-39,42-47",25,,228,Y,ADMIN
535,"ls*  ",9999,13,,90,N,ADMIN
536,"ls*  ","34-36,70",13,,89,N,ADMIN
537,"ls*  ","17-18,45-46,80-82",9999,,20,N,ADMIN
538,lsbcj,"1-13,17-20,34-43,45-46,67-77,80-82,84-87,92-93,95-100,105-106,108-110,117-119,125-129,131-133,135-137",9999,,26,Y,ADMIN
539,lsbtj,"1-13,17-20,34-43,45-46,67-77,80-82,84-87,92-93,95-100,105-106,108-110,117-119,125-129,131-133,135-137",9999,,26,Y,ADMIN
540,lsboj,"35-43,45-46,1-13,17-20,67-70,80-82,84-87,92-93,95-100,105-106,108-112,114-119,125-129,131-133,135-137",9999,,34,Y,ADMIN
541,lsbbj,"1-13,17-20,34-43,45-46,67-77,80-82,84-87,92-93,95-100,105-106,108-110,117-119,125-129,131-133,135-137",9999,,37,Y,ADMIN
542,lsdvj,"1-13,17-20,34-43,45-46,67-77,80-82,84-87,92-93,95-100,105-106,108-110,117-119,125-129,131-133,135-137",24,,26,Y,ADMIN
543,lsdvj,"1-13,17-20,34-43,45-46,67-77,80-82,84-87,92-93,95-100,105-106,108-110,117-119,125-129,131-133,135-137",9,,25,Y,ADMIN
544,lsfcj,"1-13,17-20,34-43,45-46,67-77,80-82,84-87,92-93,95-100,105-106,108-110,117-119,125-129,131-133,135-137",9999,,26,Y,ADMIN
545,lsfnj,"1-13,17-20,34-43,45-46,67-77,80-82,84-87,92-93,95-100,105-106,108-110,117-119,125-129,131-133,135-137",9999,,26,Y,ADMIN
546,lsgfj,"1-13,17-20,34-43,45-46,67-77,80-82,84-87,92-93,95-100,105-106,108-110,117-119,125-129,131-133,135-137",9999,,26,Y,ADMIN
547,lsktj,"1-13,17-20,34-43,45-46,67-77,80-82,84-87,92-93,95-100,105-106,108-110,117-119,125-129,131-133,135-137",9999,,26,Y,ADMIN
548,lsmcj,"1-13,17-20,34-43,45-46,67-77,80-82,84-87,92-93,95-100,105-106,108-110,117-119,125-129,131-133,135-137",9999,,26,Y,ADMIN
549,lsnba,"1-13,17-20,34-43,45-46,67-77,80-82,84-87,92-93,95-100,105-106,108-110,117-119,125-129,131-133,135-137",9999,,26,Y,ADMIN
550,lsnfj,"1-13,17-20,34-43,45-46,67-77,80-82,84-87,92-93,95-100,105-106,108-110,117-119,125-129,131-133,135-137",9999,,26,Y,ADMIN
551,lsnnj,"1-13,17-20,34-43,45-46,67-77,80-82,84-87,92-93,95-100,105-106,108-110,117-119,125-129,131-133,135-137",9999,,26,Y,ADMIN
552,lsnpj,"1-13,17-20,34-43,45-46,67-77,80-82,84-87,92-93,95-100,105-106,108-110,117-119,125-129,131-133,135-137",9999,,26,Y,ADMIN
553,lsnbj,"1-13,17-20,34-43,45-46,67-77,80-82,84-87,92-93,95-100,105-106,108-110,117-119,125-129,131-133,135-137",9999,,26,Y,ADMIN
554,lsnvj,"1-13,17-20,34-43,45-46,67-77,80-82,84-87,92-93,95-100,105-106,108-110,117-119,125-129,131-133,135-137",9999,,26,Y,ADMIN
555,lsprj,"34-42,45-46,48",9999,,26,Y,ADMIN
556,lsrpj,"1-13,17-20,34-43,45-46,67-77,80-82,84-87,92-93,95-100,105-106,108-110,117-119,125-129,131-133,135-137",9999,,26,Y,ADMIN
557,lsvbj,"1-13,17-20,34-43,45-46,67-77,80-82,84-87,92-93,95-100,105-106,108-110,117-119,125-129,131-133,135-137",9999,,26,Y,ADMIN
558,lsbby,"1-13,17-20,34-43,45-46,67-77,80-82,84-87,92-93,95-100,105-106,108-110,117-119,125-129,131-133,135-137",9999,,37,Y,ADMIN
559,lsbcy,"1-13,17-20,34-43,45-46,67-77,80-82,84-87,92-93,95-100,105-106,108-110,117-119,125-129,131-133,135-137",9999,,26,Y,ADMIN
560,lsdvy,"1-13,17-20,34-43,45-46,67-77,80-82,84-87,92-93,95-100,105-106,108-110,117-119,125-129,131-133,135-137",24,,26,Y,ADMIN
561,lsdvy,"1-13,17-20,34-43,45-46,67-77,80-82,84-87,92-93,95-100,105-106,108-110,117-119,125-129,131-133,135-137",9,,25,Y,ADMIN
562,lsnby,"1-13,17-20,34-43,45-46,67-77,80-82,84-87,92-93,95-100,105-106,108-110,117-119,125-129,131-133,135-137",9999,,26,Y,ADMIN
563,lsfny,"1-13,17-20,34-43,45-46,67-77,80-82,84-87,92-93,95-100,105-106,108-110,117-119,125-129,131-133,135-137",9999,,26,Y,ADMIN
564,lsfcy,"1-13,17-20,34-43,45-46,67-77,80-82,84-87,92-93,95-100,105-106,108-110,117-119,125-129,131-133,135-137",9999,,26,Y,ADMIN
565,lsgfy,"1-13,17-20,34-43,45-46,67-77,80-82,84-87,92-93,95-100,105-106,108-110,117-119,125-129,131-133,135-137",9999,,26,Y,ADMIN
566,lsnny,"1-13,17-20,34-43,45-46,67-77,80-82,84-87,92-93,95-100,105-106,108-110,117-119,125-129,131-133,135-137",9999,,26,Y,ADMIN
567,lsnfy,"1-13,17-20,34-43,45-46,67-77,80-82,84-87,92-93,95-100,105-106,108-110,117-119,125-129,131-133,135-137",9999,,26,Y,ADMIN
568,lsgny,"1-13,17-20,34-43,45-46,67-77,80-82,84-87,92-93,95-100,105-106,108-110,117-119,125-129,131-133,135-137",9999,,26,Y,ADMIN
569,lspry,"34-42,45-46,48",9999,,26,Y,ADMIN
570,lsbde,"1-13,17-20,34-43,45-46,67-77,80-82,84-87,92-93,95-100,105-106,108-110,117-119,125-129,131-133,135-137",9999,,26,Y,ADMIN
571,lsbge,"1-13,17-20,34-43,45-46,67-77,80-82,84-87,92-93,95-100,105-106,108-110,117-119,125-129,131-133,135-137",9999,,26,Y,ADMIN
572,lsdre,"1-13,17-20,34-43,45-46,67-77,80-82,84-87,92-93,95-100,105-106,108-110,117-119,125-129,131-133,135-137",9999,,26,Y,ADMIN
573,"mdy  ",9999,9999,,43,Y,ADMIN
574,"mdj  ",9999,9999,,43,Y,ADMIN
575,mdr*,9999,9999,,40,Y,ALL
576,mdr*,"70,75",9999,,92,Y,ADMIN
577,mduuu,9999,9999,,40,Y,ALL
578,mduuu,"70,75",9999,,92,Y,ADMIN
579,mdmde,9999,9999,,40,Y,ALL
580,mdmde,"70,75",9999,,92,Y,ADMIN
581,mdrlt,9999,9999,,40,Y,ALL
582,mdrlt,"70,75",9999,,92,Y,ADMIN
583,mdpry,9999,9999,,52,Y,ALL
584,mdpry,"70,75",9999,,98,Y,ADMIN
585,mdpra,9999,9999,,52,Y,ALL
586,mdpra,"70,75",9999,,98,Y,ADMIN
587,mdvd*,9999,9999,,91,Y,ALL
588,mdvd*,"70,75",9999,,99,Y,ADMIN
589,mdvdj,9999,9999,,74,Y,ALL
590,mdbc*,9999,9999,,44,Y,ALL
591,mdbc*,"70,75",9999,,95,Y,ADMIN
592,mdbcj,9999,9999,,233,Y,ADMIN
593,mdbcj,"67,68,69,70,77,83,87",9999,,72,Y,ALL
594,mdcsj,9999,9999,,72,Y,ADMIN
595,mdmc*,9999,9999,,44,Y,ALL
596,mdmc*,"70,75",9999,,95,Y,ADMIN
597,mdmcj,999,9999,,72,Y,ALL
598,mdngy,9999,9999,,44,Y,ALL
599,mdngy,"70,75",9999,,95,Y,ADMIN
600,mdprj,9999,9999,,71,Y,ALL
601,mdfna,9999,9999,,1,Y,ALL
602,mdfna,"70,75",9999,,96,Y,ADMIN
603,mdfb*,9999,9999,,79,Y,ADMIN
604,mdfbj,9999,9999,,80,Y,ADMIN
605,mdfna,"1-14,17-20,34-46,67-69,71-75,80-82,83,84-87,92-93,95-100,105-106,108-112,114-119,125-129,131-133,135-137",9999,,45,Y,ALL
606,mdfga,9999,9999,,44,Y,ALL
607,mdfga,"1-7,12,17,19-20",9999,,72,Y,ALL
608,mdfga,"70,75",9999,,95,Y,ADMIN
609,mdfc*,9999,9999,,44,Y,ALL
610,mdfc*,"70,75",9999,,95,Y,ADMIN
611,mdfce,9999,9999,,72,Y,ALL
612,mdfcj,9999,9999,,72,Y,ALL
613,"mdd* ",9999,9999,,44,Y,ALL
614,mddca,9999,26,,233,Y,ADMIN
615,mddcy,9999,26,,233,Y,ADMIN
616,"mdd* ","67,68,69,70,75,77,83,87",9999,,95,Y,ADMIN
617,mddca,"67,68,69,70,73-78,80-84,87",26,,95,Y,ADMIN
618,mddcy,"67,68,69,70,73-78,80-84,87",26,,95,Y,ADMIN
619,mddcj,9999,9999,,95,Y,ADMIN
620,mddf*,"1-14,17-20,34-46,67-69,71-75,80-82,83,84-87,92-93,95-100,105-106,108-112,114-119,125-129,131-133,135-137",20,,58,Y,ADMIN
621,mddf*,"70,75",20,,58,Y,ADMIN
622,mddn*,"1-14,17-20,34-46,67-69,71-75,80-82,83,84-87,92-93,95-100,105-106,108-112,114-119,125-129,131-133,135-137",20,,58,Y,ADMIN
623,mddn*,"70,75",20,,58,Y,ADMIN
624,mdfcy,"1-14,17-20,34-46,67-69,71-75,80-82,83,84-87,92-93,95-100,105-106,108-112,114-119,125-129,131-133,135-137",20,,58,Y,ADMIN
625,mdfcy,83,9999,,84,Y,ADMIN
626,mdfcy,"70,75",9999,,95,Y,ADMIN
627,mdnfy,"1-14,17-20,34-46,67-69,71-75,80-82,83,84-87,92-93,95-100,105-106,108-112,114-119,125-129,131-133",20,,44,Y,ADMIN
628,mdnfy,"70,75",20,,58,Y,ADMIN
629,mdpb*,9999,9999,,44,Y,ALL
630,mdpb*,"70,75",9999,,95,Y,ADMIN
631,mdpbj,9999,9999,,72,Y,ALL
632,mdere,9999,9999,,72,Y,ALL
633,mdnb*,9999,9999,,79,Y,ADMIN
634,mdnb*,"70,75",9999,,80,Y,ADMIN
635,mdnf*,9999,9999,,44,Y,ALL
636,mdnf*,"70,75",9999,,95,Y,ADMIN
637,mdnfj,9999,9999,,72,Y,ALL
638,mdnfe,9999,9999,,72,Y,ALL
639,mdnr*,9999,9999,,44,Y,ALL
640,mdnr*,"70,75",9999,,95,Y,ADMIN
641,mdnrj,9999,9999,,72,Y,ALL
642,mdnfy,83,9999,,84,Y,mde
643,mdnla,9999,9999,,44,Y,ALL
644,mdnla,"70,75",9999,,95,Y,ADMIN
645,mdfla,9999,9999,,44,Y,ALL
646,mdfla,"70,75",9999,,95,Y,ADMIN
647,mdnpj,9999,9999,,72,Y,ALL
648,mdfma,9999,9999,,44,Y,ALL
649,mdfma,"70,75",9999,,95,Y,ADMIN
650,mdnna,9999,9999,,44,Y,ALL
651,mdnna,"70,75",9999,,95,Y,ADMIN
652,mdnse,9999,9999,,72,Y,ALL
653,mdnsj,9999,9999,,72,Y,ALL
654,mdfse,9999,9999,,72,Y,ALL
655,mdfsj,9999,9999,,72,Y,ALL
656,mdfgy,9999,9999,,44,Y,ALL
657,mdfgy,"70,75",9999,,95,Y,ADMIN
658,mdfgj,9999,9999,,72,Y,ALL
659,mdbbj,9999,9999,,72,Y,ALL
660,mdill,9999,9999,,47,Y,ALL
661,mdill,"70,75",9999,,97,Y,ADMIN
662,mdnbj,9999,9999,,72,Y,ALL
663,mdrxj,9999,9999,,224,Y,ADMIN
664,mdrxj,"67-70,73-75,80-87",9999,,225,Y,ADMIN
665,mdggj,9999,9999,,224,Y,ADMIN
666,mdggj,"67-70,73-75,80-87",9999,,225,Y,ADMIN
667,mdlke,9999,9999,,224,Y,ALL
668,mdlke,"67-70,73-75,80-87",9999,,225,Y,ADMIN
669,mdltj,9999,9999,,224,Y,ADMIN
670,mdltj,"1-7,12,17,19-20",9999,,224,Y,ADMIN
671,mdltj,"70,75",9999,,224,Y,ADMIN
672,mdsna,9999,9999,,44,Y,ALL
673,mdsna,"70,75",9999,,95,Y,ADMIN
674,mdsnj,9999,9999,,72,Y,ALL
675,mdsny,9999,9999,,44,Y,ALL
676,mdsny,"70,75",9999,,95,Y,ADMIN
677,mdspa,9999,9999,,44,Y,ALL
678,mdspa,"70,75",9999,,95,Y,ADMIN
679,mdspj,9999,9999,,72,Y,ALL
680,mdxma,9999,9999,,194,Y,ALL
681,mdxma,"1-7,12,17,19-20",9999,,194,Y,ALL
682,mdxma,"70,75",9999,,95,Y,ADMIN
683,mdspy,9999,9999,,44,Y,ALL
684,mdspy,"70,75",9999,,95,Y,ADMIN
685,mdvgy,9999,9999,,232,Y,ADMIN
686,mdvgy,"67,68,69,70,73-78,80-84,87",9999,,234,Y,ADMIN
687,mdnab,9999,9999,,44,Y,ADMIN
688,mdnab,"70,75",9999,,95,Y,ADMIN
689,mdnyb,9999,9999,,44,Y,ADMIN
690,mdnyb,"70,75",9999,,95,Y,ADMIN
691,md*,9999,15-17,,40,Y,ALL
692,md*,"70,75",15-17,,92,Y,ADMIN
693,"mdn* ","1-14,17-20,34-46,48,67-69,71-75,80-82,83,84-87,92-93,95-100,105-106,108-112,114-119,125-129,131-133,135",20,,58,Y,ADMIN
694,"mdn* ","70,75",20,,58,Y,ADMIN
695,"mdf* ","1-14,17-20,34-46,67-69,71-75,80-82,83,84-87,92-93,95-100,105-106,108-112,114-119,125-129,131-133,135-137",20,,58,Y,ADMIN
696,"mdf* ","70,75",20,,58,Y,ADMIN
697,mdpb*,"1-14,17-20,34-46,67-69,71-75,80-82,83,84-87,92-93,95-100,105-106,108-112,114-119,125-129,131-133,135-137",20,,58,Y,ADMIN
698,mdpb*,"70,75",20,,58,Y,ADMIN
699,mdfna,"1-14,17-20,34-46,67-69,71-75,80-82,83,84-87,92-93,95-100,105-106,108-112,114-119,125-129,131-133,135-137",20,,57,Y,mde
700,mdfna,"70,75",20,,56,Y,mde
701,mdmc*,"1-14,17-20,34-46,67-69,71-75,80-82,83,84-87,92-93,95-100,105-106,108-112,114-119,125-129,131-133,135-137","20,21",,58,Y,mde
702,mdmc*,"70,75","20,21",,58,Y,mde
703,mdbc*,"1-14,17-20,34-46,67-69,71-75,80-82,83,84-87,92-93,95-100,105-106,108-112,114-119,125-129,131-133,135-137","20,22",,58,Y,mde
704,mdbc*,"70,75","20,22",,58,Y,mde
705,mdvda,9999,25,,1,Y,mde
706,mdvda,"67,70,80,84",25,,86,Y,mde
707,mdcpa,9999,25,,1,Y,mde
708,mdcpa,"67,70,80,84",25,,86,Y,mde
709,mdvd*,"1-14,17-20,34-46,48,67-69,70-75,80-82,83,84-87,92-93,95-100,105-106,108-112,114-119,125-129,131-133,135-137",23,,86,Y,mde
710,mdvdj,"70,75",23,,85,Y,mde
711,mdvd*,"1-14,17-20,34-46,48,67-69,71-75,80-82,83,84-87,92-93,95-100,105-106,108-112,114-119,125-129,131-133,135-137",20,,58,Y,mde
712,mdvd*,"70,75",20,,58,Y,mde
713,mdvdj,9999,20,,224,Y,mde
714,mdvd*,"1-14,17-20,34-46,48,67-69,71-75,80-82,83,84-87,92-93,95-100,105-106,108-112,114-119,125-129,131-133,135-137",24,,44,Y,mde
715,mdvd*,"70,75",24,,95,Y,mde
716,mdvdj,"1-14,17-20,34-46,48,67-69,71-75,80-82,83,84-87,92-93,95-100,105-106,108-112,114-119,125-129,131-133,135-137",24,,72,Y,mde
717,"md*  ",9999,13,,88,Y,mde
718,"md*  ","70,75",13,,87,Y,mde
719,"md*  ",76,9999,,60,Y,ADMIN
720,"md*  ",77,9999,,61,Y,ADMIN
721,"md*  ",78,9999,,62,Y,ADMIN
722,mdrfj,9999,13,,40,Y,ADMIN
723,mdrfj,"1-4,8,12,17-18,35-36,38,40,45,67,70,75,70,84,96,98,100,105,108,115,125,127,128",13,,211,Y,ADMIN
724,mdcir,9999,9999,,1,Y,ALL
725,mdcir,"67,68",25,,106,Y,ALL
726,mdcir,"70,73,75",25,,107,Y,ADMIN
727,mdcir,"70,75",5,,58,Y,ALL
728,mdcir,"1-13,17-20,34-43,45-46,67-77,80-82,84-87,92-93,95-99,105-106,108-112,114-119,125-129,131-133,135-137",5,,58,Y,ADMIN
729,mdcir,67-68,13,,44,Y,ALL
730,mdcir,"70,73,75",13,,44,Y,ADMIN
731,"md*  ",9999,9999,,40,N,ADMIN
732,"lsi  ",9999,9999,,1,Y,ADMIN
733,lg*,94,9999,,1,Y,ADMIN
734,lg*,94,"0-1,11,19",,128,Y,ADMIN
735,"lg*  ",94,"7,8,9",,130,Y,ADMIN
736,lg*,90-91,9999,,1,Y,ADMIN
737,lgeq*,90-91,9999,,129,Y,ADMIN
738,"lg*  ","1-13,17-20,34-43,45-46,67-77,80-82,84-87,89,92-93,95-99,103,105-106,108-112,114-119,125-129,131-133,135-137",9999,,121,Y,ADMIN
739,lgp1y,"1-13,17-20,34-43,45-46,67-77,80-82,84-87,89,92-93,95-99,103,105-106,108-112,114-119,125-129,131-133,135-137",9999,,123,Y,ALL
740,lgbpj,"1-13,17-20,34-43,45-46,67-77,80-82,84-87,89,92-93,95-99,103,105-106,108-112,114-119,125-129,131-133,135-137",9999,,123,Y,ALL
741,lgbba,"1-13,17-20,34-43,45-46,67-77,80-82,84-87,89,92-93,95-99,103,105-106,108-112,114-119,125-129,131-133,135-137",9999,,123,Y,ALL
742,lgbpa,"1-13,17-20,34-43,45-46,67-77,80-82,84-87,89,92-93,95-99,103,105-106,108-112,114-119,125-129,131-133,135-137",9999,,122,Y,ALL
743,lgvda,"1-13,17-20,34-43,45-46,67-77,80-82,84-87,89,92-93,95-99,103,105-106,108-112,114-119,125-129,131-133,135-137",9999,,122,Y,ALL
744,lgmci,"1-13,17-20,34-43,45-46,67-77,80-82,84-87,89,92-93,95-99,103,105-106,108-112,114-119,125-129,131-133,135-137",9999,,122,Y,ADMIN
745,lgoda,"1-13,17-20,34-43,45-46,67-77,80-82,84-87,89,92-93,95-99,103,105-106,108-112,114-119,125-129,131-133,135-137",9999,,122,Y,ALL
746,lgedj,"1-13,17-20,34-43,45-46,67-77,80-82,84-87,89,92-93,95-99,103,105-106,108-112,114-119,125-129,131-133,135-137",9999,,122,Y,ALL
747,lgfdj,"1-13,17-20,34-43,45-46,67-77,80-82,84-87,89,92-93,95-99,103,105-106,108-112,114-119,125-129,131-133,135-137",9999,,122,Y,ALL
748,lgktj,9999,9999,,1,Y,ALL
749,lgktj,"89,92-93,95-99,102,103",9999,,121,Y,ALL
750,lgndj,"1-13,17-20,34-43,45-46,67-77,80-82,84-87,89,92-93,95-99,103,105-106,108-112,114-119,125-129,131-133,135-137",9999,,122,Y,ALL
751,lgsvj,"1-13,17-20,34-43,45-46,67-77,80-82,84-87,89,92-93,95-99,103,105-106,108-112,114-119,125-129,131-133,135-137",9999,,122,Y,ALL
752,lgspj,"1-13,17-20,34-43,45-46,67-77,80-82,84-87,89,92-93,95-99,103,105-106,108-112,114-119,125-129,131-133,135-137",9999,,122,Y,ALL
753,lgprj,"1-13,17-20,34-43,45-46,67-77,80-82,84-87,89,92-93,95-99,103,105-106,108-112,114-119,125-129,131-133,135-137",9999,,240,Y,ADMIN
754,lgpra,"1-13,17-20,34-43,45-46,67-77,80-82,84-87,89,92-93,95-99,103,105-106,108-112,114-119,125-129,131-133,135-137",9999,,166,Y,ALL
755,lgpsa,"1-13,17-20,34-43,45-46,67-77,80-82,84-87,89,92-93,95-99,103,105-106,108-112,114-119,125-129,131-133,135-137",9999,,166,Y,ALL
756,lgmdy,"1-13,17-20,34-43,45-46,67-77,80-82,84-87,89,92-93,95-99,103,105-106,108-112,114-119,125-129,131-133,135-137",9999,,139,Y,ALL
757,lgvdy,"1-13,17-20,34-43,45-46,67-77,80-82,84-87,89,92-93,95-99,103,105-106,108-112,114-119,125-129,131-133,135-137",9999,,139,Y,ALL
758,lgpry,"1-13,17-20,34-43,45-46,67-77,80-82,84-87,89,92-93,95-99,103,105-106,108-112,114-119,125-129,131-133,135-137",9999,,166,Y,ALL
759,"lg*  ","1-13,17-20,34-43,45-46,67-77,80-82,84-87,89,92-93,95-99,103,105-106,108-112,114-119,125-129,131-133,135-137",24,,138,Y,ADMIN
760,"lg*  ","1-13,17-20,34-43,45-46,67-77,80-82,84-87,89,92-93,95-99,103,105-106,108-112,114-119,125-129,131-133,135-137",9,,139,Y,ADMIN
761,lgldx,9999,9999,,1,Y,ADMIN
762,lgldy,9999,9999,,1,Y,ADMIN
763,lglda,9999,9999,,1,Y,ADMIN
764,lgkpj,9999,9999,,1,Y,ADMIN
765,lgeqa,9999,9999,,1,Y,ADMIN
766,lgcld,9999,9999,,1,Y,ADMIN
767,lgeqp,9999,9999,,1,Y,ADMIN
768,lgtea,9999,9999,,1,Y,ADMIN
769,lgebj,9999,9999,,1,Y,ADMIN
770,lgeba,9999,9999,,1,Y,ADMIN
771,"lg*  ","92-93,102",9999,,231,Y,ADMIN
772,lgldy,"89,95-99,103",9999,,136,Y,ADMIN
773,lgldx,"89,95-99,103",9999,,136,Y,ADMIN
774,lglda,"92,93",9999,,1,Y,ADMIN
775,lglda,"89,95-99,103",9999,,209,Y,ADMIN
776,lgkpj,"89,95-99,103",9999,,136,Y,ADMIN
777,lgeqa,"89,95-99,103",9999,,129,Y,ADMIN
778,lgcld,"89,95-99,103",9999,,129,Y,ADMIN
779,lgeqp,"89,95-99,103",9999,,129,Y,ADMIN
780,lglot,"89,95-99,103",9999,,207,Y,ADMIN
781,lglot,"89,95-99,103",9999,,208,Y,ADMIN
782,lgtea,"89,95-99,103",9999,,125,Y,ADMIN
783,lgtea,"89,95-99,103",25,,195,Y,ADMIN
784,lgebj,"89,95-99,103",9999,,256,Y,ADMIN
785,lgeba,"89,95-99,103",9999,,124,Y,ADMIN
786,lgebj,"89,95-99,103",20,,258,Y,ADMIN
787,lgeba,"89,95-99,103",20,,196,Y,ADMIN
788,lgeka,9999,9999,,1,Y,ADMIN
789,lgeca,9999,9999,,1,Y,ADMIN
790,lgdsd,9999,9999,,1,Y,ADMIN
791,"lg*  ",100,9999,,131,Y,ADMIN
792,lglot,100,9999,,208,Y,ADMIN
793,lgeka,"96,98,100",9999,,121,Y,ADMIN
794,lgeca,"96,97,98,99,100,103",9999,,218,Y,ADMIN
795,lgfpa,9999,9999,,1,Y,ADMIN
796,lgfpa,"96,98,100",5,,167,Y,ADMIN
797,lgrej,999,5,,1,Y,ADMIN
798,lgrej,"96,98,100",5,,136,Y,ADMIN
799,lgaca,9999,9999,,1,Y,ADMIN
800,lgrad,9999,9999,,1,Y,ADMIN
801,lgrmd,9999,9999,,1,Y,ADMIN
802,lgnfd,9999,9999,,1,Y,ADMIN
803,lgprd,9999,9999,,1,Y,ADMIN
804,lgrua,9999,9999,,1,Y,ADMIN
805,lgrba,9999,9999,,1,Y,ADMIN
806,lgrja,9999,9999,,1,Y,ADMIN
807,lgrha,9999,9999,,1,Y,ADMIN
808,lgchd,9999,9999,,1,Y,ADMIN
809,lgcsd,9999,9999,,1,Y,ADMIN
810,lgrca,9999,9999,,1,Y,ADMIN
811,lgrca,"96,98,100",9999,,121,Y,ADMIN
812,lgrfj,9999,9999,,1,Y,ADMIN
813,lgrrj,9999,9999,,1,Y,ADMIN
814,lgmci,9999,9999,,1,N,ADMIN
815,lgmmi,9999,9999,,1,Y,ADMIN
816,lgraa,9999,9999,,1,Y,ADMIN
817,lgcra,9999,9999,,1,Y,ADMIN
818,lgrfa,9999,9999,,1,Y,ADMIN
819,lgrra,9999,9999,,1,Y,ADMIN
820,lgp1y,100,9999,,133,Y,ALL
821,lgbpj,100,9999,,133,Y,ALL
822,lgbba,100,9999,,133,Y,ALL
823,lgbpa,100,9999,,132,Y,ALL
824,lgvda,100,9999,,132,Y,ALL
825,lgmci,100,9999,,132,Y,ADMIN
826,lgoda,100,9999,,132,Y,ALL
827,lgedj,100,9999,,132,Y,ALL
828,lgfdj,100,9999,,132,Y,ALL
829,lgktj,100,9999,,132,Y,ALL
830,lgndj,100,9999,,132,Y,ALL
831,lgsvj,100,9999,,132,Y,ALL
832,lgspj,100,9999,,132,Y,ALL
833,lgprj,100,9999,,241,Y,ADMIN
834,lgpra,100,9999,,242,Y,ALL
835,lgpsa,100,9999,,132,Y,ALL
836,lgvdy,100,9999,,132,Y,ALL
837,lgpry,100,9999,,132,Y,ALL
838,lgldy,100,9999,,136,Y,ADMIN
839,lgldx,100,9999,,136,Y,ADMIN
840,lglda,100,9999,,209,Y,ADMIN
841,lgkpj,100,9999,,136,Y,ADMIN
842,lgeqa,100,9999,,129,Y,ADMIN
843,lgcld,100,9999,,129,Y,ADMIN
844,lgeqp,100,9999,,129,Y,ADMIN
845,lgtea,100,9999,,125,Y,ADMIN
846,lgtea,100,25,,195,Y,ADMIN
847,lgeba,100,9999,,134,Y,ADMIN
848,lgeba,100,20,,197,Y,ADMIN
849,lgebj,100,9999,,257,Y,ADMIN
850,lgebj,100,20,,259,Y,ADMIN
851,"lg*  ",100,24,,131,Y,ADMIN
852,"lg*  ",100,9,,132,Y,ADMIN
853,lgrca,"89,92-100,103",9,,121,Y,ADMIN
854,lgill,"89,92-100,103","0-1,7,10,11,14,15,16,17,19",,229,Y,ALL
855,lgill,"89,92-100,103","2-3,8-9",,230,Y,ALL
856,lgvla,9999,24,,1,Y,ALL
857,lgvla,9999,"23,9",,1,Y,ALL
858,lgvla,100,24,,244,Y,ALL
859,lgvla,100,"23,9",,245,Y,ALL
860,lgvla,"89,92-93,95-99,103",23,,144,Y,ADMIN
861,lgvla,"1-13,17-20,34-43,45-46,67-77,80-82,84-86,89,92-93,95-100,103,105-106,108-112,114-119,125-129,131-133,135-137",24,,143,Y,ALL
862,lgvla,"1-13,17-20,34-43,45-46,67-77,80-82,84-86,89,92-93,95-100,103,105-106,108-112,114-119,125-129,131-133,135-137",9,,144,Y,ALL
863,lgcpa,9999,9999,,1,Y,ADMIN
864,lgcpa,"89,95-100,103",9999,,142,Y,ADMIN
865,lgrga,9999,9999,,1,Y,ADMIN
866,lgrga,"89,95-100,103",9999,,121,Y,ADMIN
867,lgmha,9999,9999,,1,Y,ADMIN
868,lgmha,"89,95-100,103",9999,,215,Y,ADMIN
869,lgeta,9999,9999,,1,Y,ADMIN
870,lgeta,"89,95-100,103",9999,,215,Y,ADMIN
871,"la*  ","1-13,17-20,34-43,45-46,67-77,80-82,84-87,92-93,95-100,105-106,108-110,117-119,125-129,131-133,135-137",9999,,145,Y,ADMIN
872,"la*  ","1-13,17-20,34-43,45-46,67-77,80-82,84-87,92-93,95-100,105-106,108-110,117-119,125-129,131-133,135-137",9,,146,Y,ADMIN
873,lacsa,"1-13,17-20,34-43,45-46,67-77,80-82,84-87,92-93,95-100,117-119,125-129,131-133,135-137",9999,,160,Y,ADMIN
874,lacsa,"105-106,108-110,112,115",9999,,219,Y,ADMIN
875,lawfa,9999,9999,,1,Y,ADMIN
876,lawfa,105,13,,260,Y,ADMIN
877,lakaj,"1-13,17-20,34-43,45-46,67-77,80-82,84-87,92-93,95-100,105-106,108-110,117-119,125-129,131-133,135-137",9999,,220,Y,ADMIN
878,lapla,"1-13,17-20,34-43,45-46,67-77,80-82,84-87,92-93,95-100,117-119,125-129,131-133,135-137",9999,,200,Y,ADMIN
879,lapla,"105-106,108-110,112,115",9999,,199,Y,ADMIN
880,lavdj,"1-13,17-20,34-43,45-46,67-77,80-82,84-87,92-93,95-100,105-106,108-110,117-119,125-129,131-133,135-137",9999,,146,Y,ADMIN
881,lavda,"1-13,17-20,34-43,45-46,67-77,80-82,84-87,92-93,95-100,105-106,108-110,117-119,125-129,131-133,135-137",9999,,146,Y,ADMIN
882,lavna,"1-13,17-20,34-43,45-46,67-77,80-82,84-87,92-93,95-100,105-106,108-110,117-119,125-129,131-133,135-137",9999,,146,Y,ADMIN
883,lakba,"1-13,17-20,34-43,45-46,67-77,80-82,84-87,92-93,95-100,105-106,108-110,117-119,125-129,131-133,135-137",9999,,149,Y,ADMIN
884,labaj,"1-13,17-20,34-43,45-46,67-77,80-82,84-87,92-93,95-100,105-106,108-110,117-119,125-129,131-133,135-137",9999,,150,Y,ADMIN
885,labbj,"1-13,17-20,34-43,45-46,67-77,80-82,84-87,92-93,95-100,105-106,108-110,117-119,125-129,131-133,135-137",9999,,150,Y,ADMIN
886,labij,"1-13,17-20,34-43,45-46,67-77,80-82,84-87,92-93,95-100,105-106,108-110,117-119,125-129,131-133,135-137",9999,,150,Y,ADMIN
887,laebj,"1-13,17-20,34-43,45-46,67-77,80-82,84-87,92-93,95-100,105-106,108-110,117-119,125-129,131-133,135-137",9999,,150,Y,ADMIN
888,laecj,"1-13,17-20,34-43,45-46,67-77,80-82,84-87,92-93,95-100,105-106,108-110,117-119,125-129,131-133,135-137",9999,,150,Y,ADMIN
889,laekj,"1-13,17-20,34-43,45-46,67-77,80-82,84-87,92-93,95-100,105-106,108-110,117-119,125-129,131-133,135-137",9999,,150,Y,ADMIN
890,laepj,"1-13,17-20,34-43,45-46,67-77,80-82,84-87,92-93,95-100,105-106,108-110,117-119,125-129,131-133,135-137",9999,,150,Y,ADMIN
891,lafej,"1-13,17-20,34-43,45-46,67-77,80-82,84-87,92-93,95-100,105-106,108-110,117-119,125-129,131-133,135-137",9999,,150,Y,ADMIN
892,lakcj,"1-13,17-20,34-43,45-46,67-77,80-82,84-87,92-93,95-100,105-106,108-110,117-119,125-129,131-133,135-137",9999,,150,Y,ADMIN
893,laklj,"1-13,17-20,34-43,45-46,67-77,80-82,84-87,92-93,95-100,105-106,108-110,117-119,125-129,131-133,135-137",9999,,150,Y,ADMIN
894,lakpj,"1-13,17-20,34-43,45-46,67-77,80-82,84-87,92-93,95-100,105-106,108-110,117-119,125-129,131-133,135-137",9999,,150,Y,ADMIN
895,lallj,"1-13,17-20,34-43,45-46,67-77,80-82,84-87,92-93,95-100,105-106,108-110,117-119,125-129,131-133,135-137",9999,,150,Y,ADMIN
896,lamcj,"1-13,17-20,34-43,45-46,67-77,80-82,84-87,92-93,95-100,105-106,108-110,117-119,125-129,131-133,135-137",9999,,150,Y,ADMIN
897,lapij,"1-13,17-20,34-43,45-46,67-77,80-82,84-87,92-93,95-100,105-106,108-110,117-119,125-129,131-133,135-137",9999,,150,Y,ADMIN
898,lassj,"1-13,17-20,34-43,45-46,67-77,80-82,84-87,92-93,95-100,105-106,108-110,117-119,125-129,131-133,135-137",9999,,150,Y,ADMIN
899,lapxj,"1-13,17-20,34-43,45-46,67-77,80-82,84-87,92-93,95-100,105-106,108-110,117-119,125-129,131-133,135-137",9999,,150,Y,ADMIN
900,lafpa,"1-13,17-20,34-43,45-46,67-77,80-82,84-87,92-93,95-100,105-106,108-110,117-119,125-129,131-133,135-137",9999,,151,Y,ADMIN
901,lafpj,"1-13,17-20,34-43,45-46,67-77,80-82,84-87,92-93,95-100,105-106,108-110,117-119,125-129,131-133,135-137",9999,,151,Y,ADMIN
902,lafpy,"1-13,17-20,34-43,45-46,67-77,80-82,84-87,92-93,95-100,105-106,108-110,117-119,125-129,131-133,135-137",9999,,151,Y,ADMIN
903,lampa,"1-13,17-20,34-43,45-46,67-77,80-82,84-87,92-93,95-100,105-106,108-110,117-119,125-129,131-133,135-137",9999,,151,Y,ADMIN
904,larpa,"1-13,17-20,34-43,45-46,67-77,80-82,84-87,92-93,95-100,105-106,108-110,117-119,125-129,131-133,135-137",9999,,151,Y,ADMIN
905,laspa,"1-13,17-20,34-43,45-46,67-77,80-82,84-87,92-93,95-100,105-106,108-110,117-119,125-129,131-133,135-137",9999,,151,Y,ADMIN
906,lawpa,"1-13,17-20,34-43,45-46,67-77,80-82,84-87,92-93,95-100,105-106,108-110,117-119,125-129,131-133,135-137",9999,,151,Y,ADMIN
907,laepa,"1-13,17-20,34-43,45-46,67-77,80-82,84-87,92-93,95-100,105-106,108-110,117-119,125-129,131-133,135-137",9999,,152,Y,ADMIN
908,lapea,"1-13,17-20,34-43,45-46,67-77,80-82,84-87,92-93,95-100,105-106,108-110,117-119,125-129,131-133,135-137",9999,,152,Y,ADMIN
909,lapey,"1-13,17-20,34-43,45-46,67-77,80-82,84-87,92-93,95-100,105-106,108-110,117-119,125-129,131-133,135-137",9999,,152,Y,ADMIN
910,lapej,"1-13,17-20,34-43,45-46,67-77,80-82,84-87,92-93,95-100,105-106,108-110,117-119,125-129,131-133,135-137",9999,,152,Y,ADMIN
911,lappa,"1-13,17-20,34-43,45-46,67-77,80-82,84-87,92-93,95-100,105-106,108-110,117-119,125-129,131-133,135-137",9999,,152,Y,ADMIN
912,lavgy,"1-13,17-20,34-43,45-46,67-77,80-82,84-87,92-93,95-100,105-106,108-110,117-119,125-129,131-133,135-137",9999,,160,Y,ADMIN
913,ladba,"1-13,17-20,34-43,45-46,67-77,80-82,84-87,92-93,95-100,105-106,108-110,117-119,125-129,131-133,135-137",9999,,153,Y,ADMIN
914,laill,"1-13,17-20,34-43,45-46,67-77,80-82,84-87,92-93,95-100,105-106,108-110,117-119,125-129,131-133,135-137",9999,,153,Y,ADMIN
915,ladaa,"1-13,17-20,34-43,45-46,48,67-77,80-82,84-87,92-93,95-100,105-106,108-110,112,117-119,125-129,131-133,135-137",9,,146,Y,ADMIN
916,ladla,"1-13,17-20,34-43,45-46,48,67-77,80-82,84-87,92-93,95-100,105-106,108-110,112,117-119,125-129,131-133,135-137",9,,146,Y,ADMIN
917,lanmx,"1-13,17-20,34-43,45-46,48,67-77,80-82,84-87,92-93,95-100,105-106,108-110,112,117-119,125-129,131-133,135-137",9,,146,Y,ADMIN
918,landa,"1-13,17-20,34-43,45-46,48,67-77,80-82,84-87,92-93,95-100,105-106,108-110,112,117-119,125-129,131-133,135-137",9999,,147,Y,ADMIN
919,lalda,"1-13,17-20,34-43,45-46,48,67-77,80-82,84-87,92-93,95-100,105-106,108-110,112,117-119,125-129,131-133,135-137",9999,,147,Y,ADMIN
920,lalda,"1-13,17-20,34-43,45-46,48,67-77,80-82,84-87,92-93,95-100,105-106,108-110,112,117-119,125-129,131-133,135-137",9,,148,Y,ADMIN
921,laldj,"1-13,17-20,34-43,45-46,48,67-77,80-82,84-87,92-93,95-100,105-106,108-110,112,117-119,125-129,131-133,135-137",9999,,147,Y,ADMIN
922,laldj,"1-13,17-20,34-43,45-46,48,67-77,80-82,84-87,92-93,95-100,105-106,108-110,112,117-119,125-129,131-133,135-137",9,,148,Y,ADMIN
923,"la*  ","1-13,17-20,34-43,45-46,48,67-77,80-82,84-87,92-93,95-100,105-106,108-110,112,117-119,125-129,131-133,135-137",24,,145,Y,ADMIN
924,"la*  ",115,9999,,157,Y,ADMIN
925,lacsa,115,9999,,154,Y,ADMIN
926,"la*  ",115,9,,158,Y,ADMIN
927,lavdj,115,9999,,158,Y,ADMIN
928,lavda,115,9999,,158,Y,ADMIN
929,lavna,115,9999,,158,Y,ADMIN
930,lakba,115,9999,,161,Y,ADMIN
931,labaj,115,9999,,162,Y,ADMIN
932,labbj,115,9999,,162,Y,ADMIN
933,labij,115,9999,,162,Y,ADMIN
934,laebj,115,9999,,162,Y,ADMIN
935,laecj,115,9999,,162,Y,ADMIN
936,laekj,115,9999,,162,Y,ADMIN
937,laepj,115,9999,,162,Y,ADMIN
938,lafej,115,9999,,162,Y,ADMIN
939,lakcj,115,9999,,162,Y,ADMIN
940,laklj,115,9999,,162,Y,ADMIN
941,lakpj,115,9999,,162,Y,ADMIN
942,lallj,115,9999,,162,Y,ADMIN
943,lamcj,115,9999,,162,Y,ADMIN
944,lapij,115,9999,,162,Y,ADMIN
945,lassj,115,9999,,162,Y,ADMIN
946,lapxj,115,9999,,162,Y,ADMIN
947,lafpa,115,9999,,163,Y,ADMIN
948,lafpj,115,9999,,163,Y,ADMIN
949,lafpy,115,9999,,163,Y,ADMIN
950,lampa,115,9999,,163,Y,ADMIN
951,larpa,115,9999,,163,Y,ADMIN
952,laspa,115,9999,,163,Y,ADMIN
953,lawpa,115,9999,,163,Y,ADMIN
954,laepa,115,9999,,164,Y,ADMIN
955,lapea,115,9999,,164,Y,ADMIN
956,lapey,115,9999,,164,Y,ADMIN
957,lapej,115,9999,,164,Y,ADMIN
958,lappa,115,9999,,164,Y,ADMIN
959,ladba,115,9999,,165,Y,ADMIN
960,laill,115,9999,,164,Y,ADMIN
961,ladaa,115,9,,158,Y,ADMIN
962,ladla,115,9,,158,Y,ADMIN
963,lanmx,115,9,,158,Y,ADMIN
964,lalda,115,9999,,159,Y,ADMIN
965,landa,115,9999,,159,Y,ADMIN
966,la*,115,24,,157,Y,ADMIN
967,lalda,115,9,,160,Y,ADMIN
968,laldj,115,9999,,159,Y,ADMIN
969,laldj,115,9,,160,Y,ADMIN
970,la*,113,9999,,156,Y,ADMIN
971,la*,"112,114",9999,,155,Y,ADMIN
972,lacia,9999,9999,,1,Y,ADMIN
973,ladsa,9999,9999,,1,Y,ADMIN
974,latba,9999,9999,,1,Y,ADMIN
975,latba,"105,106,108,109,110,114,115",13,,202,Y,ADMIN
976,laera,9999,9999,,1,Y,ADMIN
977,laesa,9999,9999,,1,Y,ADMIN
978,laopa,9999,9999,,1,Y,ADMIN
979,lapca,9999,"14,15,16",,1,Y,ADMIN
980,larsa,9999,9999,,1,Y,ADMIN
981,larfa,9999,9999,,1,Y,ADMIN
982,laara,9999,9999,,1,Y,ADMIN
983,"lv*  ","1-13,17-20,34-43,45-46,67-77,80-82,84-87,92-93,95-100,105-106,108-110,115,117-119,125,131,135-137",9999,,181,Y,ADMIN
984,"lv*  ","1-13,17-20,34-43,45-46,67-77,80-82,84-87,92-93,95-100,105-106,108-110,115,117-119,125,131,135-137",1,,179,Y,ADMIN
985,lv*,129,9999,,173,Y,ADMIN
986,lv*,138,9999,,1,Y,ADMIN
987,lvbbj,"1-13,17-20,34-43,45-46,67-77,80-82,84-87,92-93,95-100,105-106,108-110,115,117-119,125,131,135-137",9999,,179,Y,ADMIN
988,lvbsj,"1-13,17-20,34-43,45-46,67-77,80-82,84-87,92-93,95-100,105-106,108-110,115,117-119,125,131,135-137",9999,,179,Y,ADMIN
989,lvenj,"1-13,17-20,34-43,45-46,67-77,80-82,84-87,92-93,95-100,105-106,108-110,115,117-119,125,131,135-137",9999,,182,Y,ADMIN
990,lvnmj,9999,9999,,1,Y,ADMIN
991,lvnmj,129,9999,,173,Y,ADMIN
992,lvnmj,"125,131,135,136",9999,,182,Y,ADMIN
993,lvcfx,"1-13,17-20,34-43,45-46,67-77,80-82,84-87,92-93,95-100,105-106,108-110,115,117-119,125,131,135-137",9999,,182,Y,ADMIN
994,lvnha,"1-13,17-20,34-43,45-46,67-77,80-82,84-87,92-93,95-100,105-106,108-110,115,117-119,125,131,135-137",9999,,182,Y,ADMIN
995,"lv*  ","1-13,17-20,34-43,45-46,67-77,80-82,84-87,92-93,95-100,105-106,108-110,115,117-119,125-128,131,135-137","7,8,9",,185,Y,ADMIN
996,"lv*  ","1-13,17-20,34-43,45-46,67-77,80-82,84-87,92-93,95-100,105-106,108-110,115,117-119,125-128,131,135-137",3,,190,Y,ADMIN
997,lvlti,"1-13,17-20,34-43,45-46,67-77,80-82,84-87,92-93,95-100,105-106,108-110,115,117-119,130-132,134,136,137",13,,1,Y,ADMIN
998,lvbg*,9999,7,,1,Y,ADMIN
999,lvbg*,129,7,,173,Y,ADMIN
1000,lvbg*,"125-128,131,135-137",7,,185,Y,ADMIN
1001,lvsca,9999,9999,,1,Y,ADMIN
1002,lvsca,129,9999,,173,Y,ADMIN
1003,lvsca,"125,131,135-136",9999,,181,Y,ADMIN
1004,"lv*  ",127,9999,,168,Y,ADMIN
1005,"lv*  ",127,1,,168,Y,ADMIN
1006,lvlti,9999,9999,,1,Y,ADMIN
1007,lvlti,138,"13,25",,239,Y,ADMIN
1008,lvlti,"125-129,133,135",9999,,239,Y,ADMIN
1009,lvstf,9999,9999,,1,Y,ADMIN
1010,lvstf,"127,129",9999,,236,Y,ADMIN
1011,lvtec,9999,9999,,1,Y,ADMIN
1012,lvtec,138,"13,25",,237,Y,ADMIN
1013,lvtec,"125-129,133,135",9999,,237,Y,ADMIN
1014,lvlab,9999,9999,,1,Y,ADMIN
1015,lvlab,138,"13,25",,238,Y,ADMIN
1016,lvlab,"125-129,133,135",9999,,238,Y,ADMIN
1017,lvbbj,127,9999,,168,Y,ADMIN
1018,lvbsj,127,9999,,168,Y,ADMIN
1019,lvenj,127,9999,,169,Y,ADMIN
1020,lvnmj,127,9999,,169,Y,ADMIN
1021,lvcfx,127,9999,,169,Y,ADMIN
1022,lvnha,127,9999,,169,Y,ADMIN
1023,lvflx,127,9999,,168,Y,ADMIN
1024,lvcca,127,9999,,171,Y,ADMIN
1025,"lv*  ",127,"7,8,9",,170,Y,ADMIN
1026,"lv*  ",127,3,,191,Y,ADMIN
1027,"lv*  ",128,9999,,176,Y,ADMIN
1028,"lv*  ",128,1,,176,Y,ADMIN
1029,lvbbj,128,9999,,176,Y,ADMIN
1030,lvbsj,128,9999,,176,Y,ADMIN
1031,lvenj,128,9999,,182,Y,ADMIN
1032,lvnmj,128,9999,,182,Y,ADMIN
1033,lvcfx,128,9999,,182,Y,ADMIN
1034,lvnha,128,9999,,182,Y,ADMIN
1035,lvflx,128,9999,,176,Y,ADMIN
1036,"lv*  ",128,"7,8,9",,178,Y,ADMIN
1037,"lv*  ",128,3,,192,Y,ADMIN
1038,"lv*  ","1-13,17-20,34-43,45-46,67-77,80-82,84-87,92-93,95-100,105-106,108-110,115,117-119,125-128,131,135-137",15,,175,Y,ADMIN
1039,lvlfa,"1-13,17-20,34-43,45-46,67-77,80-82,84-87,92-93,95-100,105-106,108-110,115,117-119,125-128,131,135-137",9999,,175,Y,ADMIN
1040,lvlia,"1-13,17-20,34-43,45-46,67-77,80-82,84-87,92-93,95-100,105-106,108-110,115,117-119,125-128,131,135-137",9999,,175,Y,ADMIN
1041,lvlna,"1-13,17-20,34-43,45-46,67-77,80-82,84-87,92-93,95-100,105-106,108-110,115,117-119,125-128,131,135-137",9999,,175,Y,ADMIN
1042,lvabj,"1-13,17-20,34-43,45-46,67-77,80-82,84-87,92-93,95-100,105-106,108-110,115,117-119,125-128,131,135-137",9999,,175,Y,ADMIN
1043,lvabj,"1-13,17-20,34-43,45-46,67-77,80-82,84-87,92-93,95-100,105-106,108-110,115,117-119,125-128,131,135-137",9999,,175,Y,ADMIN
1044,lvbka,"1-13,17-20,34-43,45-46,67-77,80-82,84-87,92-93,95-100,105-106,108-110,115,117-119,125-128,131,135-137",9999,,186,Y,ADMIN
1045,lvbda,9999,9999,,1,Y,ADMIN
1046,lvbda,129,9999,,173,Y,ADMIN
1047,lvbda,"125-128,131,135-137",9999,,243,Y,ADMIN
1048,lvppa,9999,9999,,1,Y,ADMIN
1049,lvppa,129,9999,,173,Y,ADMIN
1050,lvppa,"125-128,131,135-136",9999,,193,Y,ADMIN
1051,lvcny,9999,9999,,1,Y,ADMIN
1052,lvcny,129,9999,,173,Y,ADMIN
1053,lvcny,"125-128,131,135-136",9999,,177,Y,ADMIN
1054,lvera,"1-13,17-20,34-43,45-46,67-77,80-82,84-87,92-93,95-100,105-106,108-110,115,117-119,125-128,131,135-137",9999,,188,Y,ADMIN
1055,"lv*  ",133,9999,,184,Y,ADMIN
1056,"lv*  ",132,9999,,175,Y,ADMIN
1057,"lv*  ",130,9999,,180,Y,ADMIN
1058,lv*,126,9999,,172,Y,ADMIN
1059,lvhba,9999,9999,,1,Y,ADMIN
1060,lvhba,126,9999,,172,Y,ADMIN
1061,lvfqa,9999,9999,,183,Y,ADMIN
1062,lvvqa,9999,9999,,189,Y,ADMIN
1063,lvlta,9999,9999,,1,Y,ADMIN
1064,lvlta,"125,127-129",9999,,217,Y,ADMIN
1065,lvill,126,9999,,174,Y,ADMIN
1066,lvfhy,9999,9999,,187,Y,ADMIN
1067,laaaa,8,9999,,202,Y,ADMIN
1068,"lv*  ",134,9999,,175,Y,ADMIN
1069,lvehj,1,1,,46,Y,ADMIN
1070,lvnhj,1,1,,206,Y,ADMIN
1071,?????,73,9999,,221,Y,ADMIN
1072,?????,15,9999,,1,Y,ADMIN
1073,?????,47,9999,,20,Y,ADMIN
1074,?????,255,9999,,46,Y,ALL
1075,?????,"201-210,213-220,224,227-230,235-251","0,1,5,10,11,19,24",,48,Y,ALL
1076,?????,"201-210,213-220,224,227-230,236-238,240,243-245,247,251","8,9",,49,Y,ALL
1077,?????,"1-5,7-9,11-14,17-20,34-43,45-46,67-78,80-82,84-86,92-93,95-100,105-106,108-110,112,115,117-119,125-129,131-133,136,210,240",209,,50,Y,ALL
1078,?????,"1-7,12,17,19-20",209,,75,Y,ALL
1079,?????,"1-5,7-9,11-14,17-20,34-43,45-46,67-78,80-82,84-86,92-93,95-100,105-106,108-110,112,115,117-119,125-129,131-133,136,210,240",202,,51,Y,ALL
1080,?????,"1-7,12,17,19-20",202,,76,Y,ALL
1081,"9*   ","1-5,7-9,11-14,17-20,34-43,45-46,67-78,80-82,84-86,92-93,95-100,105-106,108-110,112,115,117-119,125-129,131-133,136,210,240","200,220",,50,Y,ALL
1082,"9*   ","1-7,12,17,19-20","200,220",,75,Y,ALL
1083,"9*   ","1-5,7-9,11-14,17-20,34-43,45-46,67-78,80-82,84-86,92-93,95-100,105-106,108-110,112,115,117-119,125-129,131-133,136,210,240","205,225",,51,Y,ALL
1084,"9*   ","1-7,12,17,19-20","205,225",,76,Y,ALL
1085,"9*   ","1-5,7-9,11-14,17-20,34-43,45-46,67-78,80-82,84-86,92-93,95-100,105-106,108-110,112,115,117-119,125-129,131-133,135-136,210,240",202,,51,Y,ALL
1086,"9*   ","1-7,12,17,19-20",202,,76,Y,ALL
1087,"9*   ","1-5,7-9,11-14,17-20,34-43,45-46,67-78,80-82,84-86,92-93,95-100,105-106,108-110,112,115,117-119,125-129,131-133,135-136,210,240",206,,76,Y,ALL
